"","Tweet","Date","Isretweet","Retweets","Score","Product","City","Country","duplicate"
"1","RT @timesofindia: Apple WWDC Event 2021 Live Updates: Apple starts with iOS 15 for iPhones new features for FaceTime /NrCaimcm","2021-06-07 17:22:15",TRUE,1,0,Apple iPhone,Delhi,India,FALSE
"2","Focus is Apple sneaking in compensatory features for not adding multiple users on iPhone. WWDC21","2021-06-07 17:21:24",FALSE,0,0,Apple iPhone,Delhi,India,FALSE
"3","WWDC21  @Apple  only if you gift me an iPhone I can use all these amazing features  @tim_cook ","2021-06-07 17:19:38",FALSE,0,1,Apple iPhone,Delhi,India,FALSE
"4","Apple WWDC Event 2021 Live Updates: Apple starts with iOS 15 for iPhones new features for FaceTime /rjhvyGfqSv","2021-06-07 17:13:16",FALSE,1,0,Apple iPhone,Delhi,India,FALSE
"5","Craig Federighi announces iOS15 WWDC21  /iDaDCNzfDl","2021-06-07 17:09:01",FALSE,0,0,Apple iPhone,Delhi,India,FALSE
"6","Stay tuned for live updates from WWDC2021   /u9IBIliQQM","2021-06-07 17:06:36",FALSE,0,0,Apple iPhone,Delhi,India,FALSE
"7","Tim Cook stages the stage as WWDC2021 kickstarts   /iDaDCNzfDl","2021-06-07 17:05:40",FALSE,1,0,Apple iPhone,Delhi,India,FALSE
"8","Apple WWDC 2021 live stream updates: Apple to launch iOS 15 for iPhones along with new software for iPads Macs and /SVQAGoODeH","2021-06-07 16:53:38",FALSE,0,0,Apple iPhone,Delhi,India,FALSE
"9","RT @amanjain325: @Apple iPhone 12 Pro Max - 129900  Unable to purchase this phone please increase the price by 1 lakh more.","2021-06-07 16:34:20",TRUE,0,-1,Apple iPhone,Delhi,India,FALSE
"10","@Apple Yes there's never been a better time to switch to iphone but this term does not exist for everyone ","2021-06-07 16:26:32",FALSE,0,1,Apple iPhone,Delhi,India,FALSE
"11","Apple 20W Charger Unboxing | iPhone 12 Fast Charging Test | Best Technicals /oOOcoFNg6v  Besttechnicals tech youtube","2021-06-07 16:22:50",FALSE,0,2,Apple iPhone,Delhi,India,FALSE
"12","@Apple I don't have money to buy iPhone ... I love it iPhone.. I will definitely buy it before I die. I will defini /pKcqY1zyuT","2021-06-07 16:20:58",FALSE,0,0,Apple iPhone,Delhi,India,FALSE
"13","RT @timesofindia: Apple pays millions to student after explicit content from her iPhone was put on Facebook: Report  /EaujZkG0Z","2021-06-07 15:30:07",TRUE,2,0,Apple iPhone,Delhi,India,FALSE
"14","Apple pays millions to student after explicit content from her iPhone was put on Facebook: Report  /EaujZkG0Zo via @gadgetsnow","2021-06-07 15:28:25",FALSE,2,0,Apple iPhone,Delhi,India,FALSE
"15","Honor 50 Series Teased And Visits Geekbench /gQZppUr4rH","2021-06-07 15:25:47",FALSE,0,1,Apple iPhone,Delhi,India,FALSE
"16","Honor 50 Series Teased And Visits Geekbench /LIkQ70JMPY","2021-06-07 15:25:42",FALSE,0,1,Apple iPhone,Delhi,India,FALSE
"17","Vivo Y75 5G Pop-ups On Geekbench /cqciv9nQ5w","2021-06-07 15:20:13",FALSE,0,0,Apple iPhone,Delhi,India,FALSE
"18","Vivo Y75 5G Pop-ups On Geekbench /BGGnNy5mUn","2021-06-07 15:19:42",FALSE,0,0,Apple iPhone,Delhi,India,FALSE
"19","Infinix Note 10 &amp; Note 10 Pro Goes Official In India /IburnJwAxg","2021-06-07 15:17:07",FALSE,0,0,Apple iPhone,Delhi,India,FALSE
"20","Infinix Note 10 &amp; Note 10 Pro Goes Official In India /75Wl7rflBO","2021-06-07 15:16:36",FALSE,0,0,Apple iPhone,Delhi,India,FALSE
"21","Specifications Of Upcoming Oppo Smartphone Appears Online /VmVjVLasIq","2021-06-07 15:14:05",FALSE,0,0,Apple iPhone,Delhi,India,FALSE
"22","Specifications Of Upcoming Oppo Smartphone Appears Online /kUNxQL1A2k","2021-06-07 15:13:49",FALSE,0,0,Apple iPhone,Delhi,India,FALSE
"23","The upcoming OnePlus TV U1S Series Appears Online /UbDKmo9yA1","2021-06-07 15:12:31",FALSE,0,0,Apple iPhone,Delhi,India,FALSE
"24","The upcoming OnePlus TV U1S Series Appears Online /D650qTZ9gj","2021-06-07 15:11:45",FALSE,0,0,Apple iPhone,Delhi,India,FALSE
"25","@Apple Hey I just looked at my clock and it said not the best time to get an Iphone. Wait a little earn a little more. ","2021-06-07 15:07:30",FALSE,0,1,Apple iPhone,Delhi,India,FALSE
"26","History of hardware at WWDC21    Power Mac G5 (2003)  Aluminum Cinema displays (2004)  Mac Pro (2006)  iPhone /cXNZjBfsGR","2021-06-07 15:04:51",FALSE,0,0,Apple iPhone,Delhi,India,FALSE
"27","Samsung LG begin making displays for Apple iPhone 13    iPhone 12 and iPhone 13 orders combined Samsung is exp /pB7Thr3Jr1","2021-06-07 15:04:18",FALSE,0,0,Apple iPhone,Delhi,India,FALSE
"28","Apple Gives Student Million-Dollar Settlement After Nude Photos Leaked During iPhoneRepair /7eTL7lXu1K","2021-06-07 14:32:23",FALSE,0,0,Apple iPhone,Delhi,India,FALSE
"29","Apple developers look for App Store changes at annual conference AppleInc Apple AnnualConference AppStore /cDe7IP2aTN","2021-06-07 14:00:10",FALSE,0,0,Apple iPhone,Delhi,India,FALSE
"30","Apple developers look for App Store changes at annual conference AppleInc Apple AnnualConference AppStore /yhPk6O7Sy9","2021-06-07 14:00:09",FALSE,0,0,Apple iPhone,Delhi,India,FALSE
"31","RT @fariapple: DM or WhatsApp us on +91 8676012345 to place your order. . . . . . . . . iphone appleiphone macbook gadget fariapple i","2021-06-07 13:51:17",TRUE,3,0,Apple iPhone,Delhi,India,FALSE
"32","RT @TECH_ONDUTY: Apple iPhone 13 to add an orange color to its palette   I hope you like that news follow me for more information    Lates","2021-06-07 13:51:00",TRUE,1,1,Apple iPhone,Delhi,India,FALSE
"33","Apple iPhone 13 to add an orange color to its palette   I hope you like that news follow me for more information  /5B6L8iCvZc","2021-06-07 13:50:21",FALSE,1,1,Apple iPhone,Delhi,India,FALSE
"34","RT @fariapple: DM or WhatsApp us on +91 8676012345 to place your order.  . . . . . . . . iphone appleiphone macbook  gadget  fariapple","2021-06-07 13:39:05",TRUE,0,0,Apple iPhone,Delhi,India,FALSE
"35","RT @fariapple: DM or WhatsApp us on +91 8676012345 to place your order.  . . . . . . . . iphone appleiphone macbook  gadget  fariapple","2021-06-07 13:38:58",TRUE,1,0,Apple iPhone,Delhi,India,TRUE
"36","Apple iPhone 13's black colour variant reportedly to be this black  /hfB5ykcXwj via @gadgetsnow","2021-06-07 13:01:16",FALSE,0,0,Apple iPhone,Delhi,India,FALSE
"37","RT @ShivAroor: Student's nude photos leaked to Facebook by iPhone service centre in California @Apple now paying her millions of dollars h","2021-06-07 13:00:14",TRUE,27,0,Apple iPhone,Delhi,India,FALSE
"38","@_nishantverma @Apple @ArvindKejriwal @CPDelhi @DelhiPolice @LtGovDelhi People were dying without Apple iPhone. The /4uQsFa5mSa","2021-06-07 12:54:35",FALSE,0,-1,Apple iPhone,Delhi,India,FALSE
"39","Dear @Apple neither my Preceding 7 generations has used nor my succeeding 7 generations will ever use an @Apple iph /l74SrrdjNZ","2021-06-07 12:46:20",FALSE,0,1,Apple iPhone,Delhi,India,FALSE
"40","RT @malvinders11: Dear @Apple  Please bring back battery  percentage display on both Macos Bigsur and iOS 14 for iPhone","2021-06-07 12:45:39",TRUE,1,0,Apple iPhone,Delhi,India,FALSE
"41","RT @IndiaTodayTech: Apple iPhone 13 Pro and iPhone 13 Pro Max may come in the darkest black colour variant yet  /Q8rSVRNL7Q","2021-06-07 12:40:06",TRUE,8,0,Apple iPhone,Delhi,India,FALSE
"42","RT @ShivAroor: Student's nude photos leaked to Facebook by iPhone service centre in California @Apple now paying her millions of dollars h","2021-06-07 12:30:29",TRUE,27,0,Apple iPhone,Delhi,India,TRUE
"43","@tim_cook Shifting from oneplus 6 to iphone 12 isn't worth it. Support team at apple is good for nothing. There is /KAkOk703aD","2021-06-07 12:27:47",FALSE,0,3,Apple iPhone,Delhi,India,FALSE
"44","@iphone12models Shifting from oneplus 6 to iphone 12 isn't worth it. Support team at apple is good for nothing. The /as4dfC0Asn","2021-06-07 12:26:01",FALSE,0,3,Apple iPhone,Delhi,India,FALSE
"45","Shifting from oneplus 6 to iphone 12 isn't worth it. Support team at apple is good for nothing. There is no disclai /FxQipEyceg","2021-06-07 12:24:18",FALSE,0,3,Apple iPhone,Delhi,India,FALSE
"46","My iPhone 12 dropped 50% charge in in less than 2 hours of On Screen time. Dropped next 35% in less than one hour o /jMitPq7ZjH","2021-06-07 12:17:40",FALSE,0,0,Apple iPhone,Delhi,India,FALSE
"47","Dear @Apple  Please bring back battery  percentage display on both Macos Bigsur and iOS 14 for iPhone","2021-06-07 12:03:53",FALSE,1,0,Apple iPhone,Delhi,India,FALSE
"48","RT @akhiljoseph: OnePlus Nord CE 5G Pricing Revealed /OwzWQSsBsP  Android news smartphones like4like likeforlike follow4","2021-06-07 11:38:47",TRUE,1,0,Apple iPhone,Delhi,India,FALSE
"49","DM or WhatsApp us on +91 8676012345 to place your order.  . . . . . . . . iphone appleiphone macbook  gadget /a6mAsiQWMK","2021-06-07 11:27:03",FALSE,1,0,Apple iPhone,Delhi,India,FALSE
"50","RT @ShivAroor: Student's nude photos leaked to Facebook by iPhone service centre in California @Apple now paying her millions of dollars h","2021-06-07 11:13:09",TRUE,27,0,Apple iPhone,Delhi,India,TRUE
"51","RT @ShivAroor: Student's nude photos leaked to Facebook by iPhone service centre in California @Apple now paying her millions of dollars h","2021-06-07 11:08:18",TRUE,27,0,Apple iPhone,Delhi,India,TRUE
"52","RT @ShivAroor: Student's nude photos leaked to Facebook by iPhone service centre in California @Apple now paying her millions of dollars h","2021-06-07 11:02:11",TRUE,27,0,Apple iPhone,Delhi,India,TRUE
"53","RT @ShivAroor: Student's nude photos leaked to Facebook by iPhone service centre in California @Apple now paying her millions of dollars h","2021-06-07 10:37:39",TRUE,27,0,Apple iPhone,Delhi,India,TRUE
"54","OnePlus Nord CE 5G Pricing Revealed /wYTvBnCpCT","2021-06-07 10:35:18",FALSE,1,0,Apple iPhone,Delhi,India,FALSE
"55","OnePlus Nord CE 5G Pricing Revealed /oBLGJhTOT7","2021-06-07 10:34:46",FALSE,0,0,Apple iPhone,Delhi,India,FALSE
"56","Samsung Galaxy S21 Fan Edition Pricing Leaks /kPpVijaqGH","2021-06-07 10:31:15",FALSE,0,-1,Apple iPhone,Delhi,India,FALSE
"57","Samsung Galaxy S21 Fan Edition Pricing Leaks /L3CQA4UI5T","2021-06-07 10:30:52",FALSE,0,-1,Apple iPhone,Delhi,India,FALSE
"58","RT @ShivAroor: Student's nude photos leaked to Facebook by iPhone service centre in California @Apple now paying her millions of dollars h","2021-06-07 10:20:35",TRUE,27,0,Apple iPhone,Delhi,India,TRUE
"59","RT @ShivAroor: Student's nude photos leaked to Facebook by iPhone service centre in California @Apple now paying her millions of dollars h","2021-06-07 10:17:29",TRUE,27,0,Apple iPhone,Delhi,India,TRUE
"60","RT @ShivAroor: Student's nude photos leaked to Facebook by iPhone service centre in California @Apple now paying her millions of dollars h","2021-06-07 10:15:00",TRUE,27,0,Apple iPhone,Delhi,India,TRUE
"61","RT @ShivAroor: Student's nude photos leaked to Facebook by iPhone service centre in California @Apple now paying her millions of dollars h","2021-06-07 10:13:50",TRUE,27,0,Apple iPhone,Delhi,India,TRUE
"62","RT @ShivAroor: Student's nude photos leaked to Facebook by iPhone service centre in California @Apple now paying her millions of dollars h","2021-06-07 10:08:15",TRUE,27,0,Apple iPhone,Delhi,India,TRUE
"63","WWDC 2021: Apple will boost iPad features privacy tools Apple AppStore AppleWWDC2021 Devices /yjkHfxf0w6","2021-06-07 10:00:10",FALSE,0,1,Apple iPhone,Delhi,India,FALSE
"64","WWDC 2021: Apple will boost iPad features privacy tools Apple AppStore AppleWWDC2021 Devices /Mmh0WyfMHI","2021-06-07 10:00:09",FALSE,0,1,Apple iPhone,Delhi,India,FALSE
"65","RT @ShivAroor: Student's nude photos leaked to Facebook by iPhone service centre in California @Apple now paying her millions of dollars h","2021-06-07 09:56:57",TRUE,27,0,Apple iPhone,Delhi,India,TRUE
"66","RT @ShivAroor: Student's nude photos leaked to Facebook by iPhone service centre in California @Apple now paying her millions of dollars h","2021-06-07 09:55:24",TRUE,27,0,Apple iPhone,Delhi,India,TRUE
"67","RT @ShivAroor: Student's nude photos leaked to Facebook by iPhone service centre in California @Apple now paying her millions of dollars h","2021-06-07 09:53:35",TRUE,27,0,Apple iPhone,Delhi,India,TRUE
"68","RT @ShivAroor: Student's nude photos leaked to Facebook by iPhone service centre in California @Apple now paying her millions of dollars h","2021-06-07 09:52:51",TRUE,27,0,Apple iPhone,Delhi,India,TRUE
"69","Brought @Apple IPhone 11 last year paid premium over other brands for quality and service. After about a year fac /vUiY0rUJl7","2021-06-07 09:49:33",FALSE,0,0,Apple iPhone,Delhi,India,FALSE
"70","RT @ShivAroor: Student's nude photos leaked to Facebook by iPhone service centre in California @Apple now paying her millions of dollars h","2021-06-07 09:45:54",TRUE,27,0,Apple iPhone,Delhi,India,TRUE
"71","RT @ShivAroor: Student's nude photos leaked to Facebook by iPhone service centre in California @Apple now paying her millions of dollars h","2021-06-07 09:44:41",TRUE,27,0,Apple iPhone,Delhi,India,TRUE
"72","RT @ShivAroor: Student's nude photos leaked to Facebook by iPhone service centre in California @Apple now paying her millions of dollars h","2021-06-07 09:43:19",TRUE,27,0,Apple iPhone,Delhi,India,TRUE
"73","RT @ShivAroor: Student's nude photos leaked to Facebook by iPhone service centre in California @Apple now paying her millions of dollars h","2021-06-07 09:43:14",TRUE,27,0,Apple iPhone,Delhi,India,TRUE
"74","RT @ShivAroor: Student's nude photos leaked to Facebook by iPhone service centre in California @Apple now paying her millions of dollars h","2021-06-07 09:42:36",TRUE,27,0,Apple iPhone,Delhi,India,TRUE
"75","RT @ShivAroor: Student's nude photos leaked to Facebook by iPhone service centre in California @Apple now paying her millions of dollars h","2021-06-07 09:42:19",TRUE,27,0,Apple iPhone,Delhi,India,TRUE
"76","RT @Indictimes: Student's nude photos leaked to Facebook by iPhone service centre in California @Apple now paying her millions of dollars","2021-06-07 09:40:31",TRUE,1,0,Apple iPhone,Delhi,India,FALSE
"77","Student's nude photos leaked to Facebook by iPhone service centre in California @Apple now paying her millions of /cpEhphOnay","2021-06-07 09:40:05",FALSE,1,0,Apple iPhone,Delhi,India,FALSE
"78","RT @ShivAroor: Student's nude photos leaked to Facebook by iPhone service centre in California @Apple now paying her millions of dollars h","2021-06-07 09:39:49",TRUE,27,0,Apple iPhone,Delhi,India,TRUE
"79","RT @ShivAroor: Student's nude photos leaked to Facebook by iPhone service centre in California @Apple now paying her millions of dollars h","2021-06-07 09:39:19",TRUE,27,0,Apple iPhone,Delhi,India,TRUE
"80","RT @ShivAroor: Student's nude photos leaked to Facebook by iPhone service centre in California @Apple now paying her millions of dollars h","2021-06-07 09:38:27",TRUE,27,0,Apple iPhone,Delhi,India,TRUE
"81","RT @ShivAroor: Student's nude photos leaked to Facebook by iPhone service centre in California @Apple now paying her millions of dollars h","2021-06-07 09:38:12",TRUE,27,0,Apple iPhone,Delhi,India,TRUE
"82","RT @ShivAroor: Student's nude photos leaked to Facebook by iPhone service centre in California @Apple now paying her millions of dollars h","2021-06-07 09:37:24",TRUE,27,0,Apple iPhone,Delhi,India,TRUE
"83","Student's nude photos leaked to Facebook by iPhone service centre in California @Apple now paying her millions of /vY94YF0ax3","2021-06-07 09:36:36",FALSE,27,0,Apple iPhone,Delhi,India,FALSE
"84","Apple WWDC 2021: iPhone 12 series iPhone 11 and other iPhones rumoured to get iOS 15  iOS 15 release date is unkn /TwtLx54GkF","2021-06-07 08:53:04",FALSE,0,0,Apple iPhone,Delhi,India,FALSE
"85","DM or WhatsApp us on +91 8676012345 to place your order.  . . . . . . . . iphone appleiphone macbook  gadget /5mLGIglXeE","2021-06-07 08:50:48",FALSE,0,0,Apple iPhone,Delhi,India,FALSE
"86","RT @technologywale1: Apple has been embracing colour recently with the new iPhone iPad Air and iMac line ups available in a variety of br","2021-06-07 08:38:32",TRUE,2,2,Apple iPhone,Delhi,India,FALSE
"87","RT @SumerNegi: Complete protection for your iPhone shockproof and excellent feeding easy to grip anti-slip and gives access to all button","2021-06-07 08:36:58",TRUE,1,3,Apple iPhone,Delhi,India,FALSE
"88","Apple WWDC 2021: iPhone 12 series iPhone 11 and other iPhones rumoured to get iOS 15.  WWDC21 Apple","2021-06-07 08:15:16",FALSE,0,0,Apple iPhone,Delhi,India,FALSE
"89","Complete protection for your iPhone shockproof and excellent feeding easy to grip anti-slip and gives access to a /pPVqzZ3SDr","2021-06-07 08:00:06",FALSE,1,3,Apple iPhone,Delhi,India,FALSE
"90","Black iPhone 13 Pro will reportedly be a lot darker than Graphite and Space Grey Apple products - PhoneArena /azQGP3SAIj","2021-06-07 07:56:40",FALSE,0,-1,Apple iPhone,Delhi,India,FALSE
"91","iPhone purchased from @Flipkart order OD121698406925022000 and wasnt getting activated  Flipkart denied replaceme /NNLpRckcQl","2021-06-07 07:56:09",FALSE,0,-1,Apple iPhone,Delhi,India,FALSE
"92","RT @IndiaTodayTech: The incident took place at an iPhone repair facility in California run by Pegatron /w90jO2bR2k","2021-06-07 07:44:31",TRUE,5,0,Apple iPhone,Delhi,India,FALSE
"93","RT @ETPanache: Apple will debut major software updates for the iPhone and iPad at WWDC.  @Apple  /OshgmFAITD","2021-06-07 07:42:21",TRUE,2,0,Apple iPhone,Delhi,India,FALSE
"94","Fossil Will Not Push New Wear OS To Current Models Confirms Gen 6 /FpnbGQ6PwN","2021-06-07 07:31:54",FALSE,0,0,Apple iPhone,Delhi,India,FALSE
"95","Fossil Will Not Push New Wear OS To Current Models Confirms Gen 6 /y83oHWsuTO","2021-06-07 07:31:18",FALSE,0,0,Apple iPhone,Delhi,India,FALSE
"96","RT @ETPanache: Apple will debut major software updates for the iPhone and iPad at WWDC.  @Apple  /OshgmFAITD","2021-06-07 07:30:46",TRUE,2,0,Apple iPhone,Delhi,India,TRUE
"97","Apple will debut major software updates for the iPhone and iPad at WWDC.  @Apple  /OshgmFAITD","2021-06-07 07:30:00",FALSE,2,0,Apple iPhone,Delhi,India,FALSE
"98","Apple WWDC 2021:        ? /CGgvH6h4g6","2021-06-07 07:28:29",FALSE,0,0,Apple iPhone,Delhi,India,FALSE
"99","Realme X9 Series Surfaced Online /xPmDJj4jdn","2021-06-07 07:25:41",FALSE,0,0,Apple iPhone,Delhi,India,FALSE
"100","RT @IndiaTodayTech: The incident took place at an iPhone repair facility in California run by Pegatron /w90jO2bR2k","2021-06-07 07:25:18",TRUE,5,0,Apple iPhone,Delhi,India,TRUE
"101","Realme X9 Series Surfaced Online /yRgQsNMYKp","2021-06-07 07:25:13",FALSE,0,0,Apple iPhone,Delhi,India,FALSE
"102","RT @IndiaTodayTech: The incident took place at an iPhone repair facility in California run by Pegatron /w90jO2bR2k","2021-06-07 07:21:56",TRUE,5,0,Apple iPhone,Delhi,India,TRUE
"103","RT @IndiaTodayTech: The incident took place at an iPhone repair facility in California run by Pegatron /w90jO2bR2k","2021-06-07 07:20:03",TRUE,5,0,Apple iPhone,Delhi,India,TRUE
"104","RT @IndiaTodayTech: The incident took place at an iPhone repair facility in California run by Pegatron /w90jO2bR2k","2021-06-07 07:19:42",TRUE,5,0,Apple iPhone,Delhi,India,TRUE
"105","The incident took place at an iPhone repair facility in California run by Pegatron /w90jO2bR2k","2021-06-07 07:16:23",FALSE,5,0,Apple iPhone,Delhi,India,FALSE
"106","RT @IndiaTodayTech: Apple iPhone 13 Pro and iPhone 13 Pro Max may come in the darkest black colour variant yet  /Q8rSVRNL7Q","2021-06-07 07:04:53",TRUE,8,0,Apple iPhone,Delhi,India,TRUE
"107","RT @fariapple: DM or WhatsApp us on +91 8676012345 to place your order. . . . . . . . . iphone appleiphone macbook gadget fariapple i","2021-06-07 07:04:24",TRUE,3,0,Apple iPhone,Delhi,India,TRUE
"108","RT @fariapple: DM or WhatsApp us on +91 8676012345 to place your order. . . . . . . . . iphone appleiphone macbook gadget fariapple i","2021-06-07 06:59:25",TRUE,3,0,Apple iPhone,Delhi,India,TRUE
"109","DM or WhatsApp us on +91 8676012345 to place your order. . . . . . . . . iphone appleiphone macbook gadget /t8mue5tsyq","2021-06-07 06:54:50",FALSE,3,0,Apple iPhone,Delhi,India,FALSE
"110","RT @IndiaTodayTech: Apple iPhone 13 Pro and iPhone 13 Pro Max may come in the darkest black colour variant yet  /Q8rSVRNL7Q","2021-06-07 06:37:34",TRUE,8,0,Apple iPhone,Delhi,India,TRUE
"111","@Apple @AppleSupport  I had lost my iPhone X and got my FIR registered. Today I got an email that my iPhone is bein /GYmx9YuNnT","2021-06-07 06:15:38",FALSE,0,-1,Apple iPhone,Delhi,India,FALSE
"112","Best iPhone 2021: We looked at all 7 models Apple sells to decide which isbest /upYjK0medW","2021-06-07 05:41:07",FALSE,0,1,Apple iPhone,Delhi,India,FALSE
"113","iPhone 13: All the major rumors about Apples next-geniPhone /TZ1PJAhQJD","2021-06-07 05:28:37",FALSE,0,-1,Apple iPhone,Delhi,India,FALSE
"114","/GdzXeC4DXP","2021-06-07 04:38:13",FALSE,0,0,Apple iPhone,Delhi,India,FALSE
"115","/HOaFmqUgkg","2021-06-07 04:34:27",FALSE,0,0,Apple iPhone,Delhi,India,FALSE
"116","The 15 Best iPhone Hacks &amp; Tips for 2021?  Apple iphone12 hacks tipsandtricks rapidhacek bestof2021 howto /lS7TnYOD5x","2021-06-07 04:32:26",FALSE,0,-1,Apple iPhone,Delhi,India,FALSE
"117","The 15 Best iPhone Hacks &amp; Tips for 2021?  Apple iphone12 hacks tipsandtricks rapidhacek bestof2021 howto /lxe2HcyeNh","2021-06-07 04:31:36",FALSE,0,-1,Apple iPhone,Delhi,India,FALSE
"118","RT @IndiaTodayTech: Apple iPhone 13 Pro and iPhone 13 Pro Max may come in the darkest black colour variant yet  /Q8rSVRNL7Q","2021-06-07 04:17:35",TRUE,8,0,Apple iPhone,Delhi,India,TRUE
"119","RT @IndiaTodayTech: Apple iPhone 13 Pro and iPhone 13 Pro Max may come in the darkest black colour variant yet  /Q8rSVRNL7Q","2021-06-07 04:12:02",TRUE,8,0,Apple iPhone,Delhi,India,TRUE
"120","RT @IndiaTodayTech: Apple iPhone 13 Pro and iPhone 13 Pro Max may come in the darkest black colour variant yet  /Q8rSVRNL7Q","2021-06-07 04:11:33",TRUE,8,0,Apple iPhone,Delhi,India,TRUE
"121","RT @GyaniPrani: Battle between best smartphones . . smartphone iphone samsung pro android apple technology xiaomi tech mobile ph","2021-06-07 04:07:55",TRUE,1,1,Apple iPhone,Delhi,India,FALSE
"122","RT @IndiaTodayTech: Apple iPhone 13 Pro and iPhone 13 Pro Max may come in the darkest black colour variant yet  /Q8rSVRNL7Q","2021-06-07 04:07:46",TRUE,8,0,Apple iPhone,Delhi,India,TRUE
"123","Apple iPhone 13 Pro and iPhone 13 Pro Max may come in the darkest black colour variant yet  /Q8rSVRNL7Q","2021-06-07 04:05:13",FALSE,8,0,Apple iPhone,Delhi,India,FALSE
"124","Battle between best smartphones . . smartphone iphone samsung pro android apple technology xiaomi tech /TpgFxu9oux","2021-06-07 04:02:39",FALSE,1,1,Apple iPhone,Delhi,India,FALSE
"125","This is a true story games are a weakness for Apple even though they have Apple Arcade this is not next-gen trip /Yt24l9yt8j","2021-06-06 22:13:29",FALSE,0,-1,Apple iPhone,Delhi,India,FALSE
"126","@LokeshSatwani2 @anasazi02 Can you spend 1 lakh every time apple releases the update for iphone....if yes ...good.. /2Awdm9DKCA","2021-06-06 18:12:17",FALSE,0,1,Apple iPhone,Delhi,India,FALSE
"127","RT @verma897444: @Apple Pl improve your apple pencil as it seems to be an older age accessory  need a sleek one like pen .. should be used","2021-06-06 17:05:55",TRUE,1,3,Apple iPhone,Delhi,India,FALSE
"128","RT @say_my_naeym: Hello @Apple there is flaw in your face id security ..my  iphone 11 gets unlocked with my brother face though he is not m","2021-06-06 16:48:04",TRUE,1,-1,Apple iPhone,Delhi,India,FALSE
"129","Hello @Apple there is flaw in your face id security ..my  iphone 11 gets unlocked with my brother face though he is /9WfbWlqEVx","2021-06-06 16:38:58",FALSE,1,-1,Apple iPhone,Delhi,India,FALSE
"130","@lickuid4 Last year I updated my iphone X and mera face lock kaam hi nhi kar raha tha then i went to apple store an /J7mO0EGblR","2021-06-06 16:29:41",FALSE,0,0,Apple iPhone,Delhi,India,FALSE
"131","RT @mani_aneja: @Apple Today I have purchased iPhone 11 white 128 GB when I open this box there I scratch on back panel under glass but whe","2021-06-06 15:39:57",TRUE,1,-1,Apple iPhone,Delhi,India,FALSE
"132","Upcoming iPhone could be Matte Black. Im already sold if this happens.   @Apple @MacRumors   matteblack /ruotGjMCDu","2021-06-06 15:28:28",FALSE,0,-1,Apple iPhone,Delhi,India,FALSE
"133","Apple IPhone 13 Pro Pinki  Follow @ReviewesS  apple appleiphone appleiphone13se appleiphonefold /qQAwohrTN0","2021-06-06 11:35:45",FALSE,0,0,Apple iPhone,Delhi,India,FALSE
"134","RT @fariapple: DM or WhatsApp us on +91 8676012345 to place your order.  . . . . . . . . iphone appleiphone macbook  gadget  fariapple","2021-06-06 11:33:01",TRUE,1,0,Apple iPhone,Delhi,India,TRUE
"135","@Apple Today I have purchased iPhone 11 white 128 GB when I open this box there I scratch on back panel under glass /uOMYj960FG","2021-06-06 11:00:49",FALSE,1,-1,Apple iPhone,Delhi,India,FALSE
"136","@Apple Pl improve your apple pencil as it seems to be an older age accessory  need a sleek one like pen .. should /iGEsaKcXSO","2021-06-06 08:19:49",FALSE,1,3,Apple iPhone,Delhi,India,FALSE
"137","DM or WhatsApp us on +91 8676012345 to place your order.  . . . . . . . . iphone appleiphone macbook  gadget /cM57rDywan","2021-06-06 06:57:53",FALSE,1,0,Apple iPhone,Delhi,India,FALSE
"138","after spent 1 lac rs on iPhone 12 pro max the apple service center rejects me to repair my iPhone. Wow! My Phone b /fIEZYDZnUS","2021-06-06 06:06:22",FALSE,0,0,Apple iPhone,Delhi,India,FALSE
"139","iOS 14 now installed on 85% of compatible iPhones: Apple Apple APP AppStore IPads Devices AppleIos14 /wHUmfBfzmP","2021-06-06 05:00:14",FALSE,0,1,Apple iPhone,Delhi,India,FALSE
"140","How to buy apple I PHONE first buy 1 kg apple eat it  and your kidney will be be very strong then you can buy an ip /njOyKml4tP","2021-06-06 03:57:59",FALSE,0,1,Apple iPhone,Delhi,India,FALSE
"141","@hmksrahmani Please Make available for apple IPhone not Available","2021-06-06 03:55:00",FALSE,0,2,Apple iPhone,Delhi,India,FALSE
"142","@Apple iPhone can pick the stars from the sky but its battery does not lasts a full day.","2021-06-06 02:37:14",FALSE,0,0,Apple iPhone,Delhi,India,FALSE
"143","@tim_cook @ConservationOrg Sir with respect. my iphone screen adhesive gave away. And the service centre is saying /o0nTPjp3H5","2021-06-06 02:09:26",FALSE,0,1,Apple iPhone,Delhi,India,FALSE
"144","@Apple Good job iphone apple","2021-06-05 19:50:45",FALSE,0,1,Apple iPhone,Delhi,India,FALSE
"145","RT @fariapple: DM or WhatsApp us on +91 8676012345 to place your order.  . . . . . . . . iphone appleiphone macbook  gadget  fariapple","2021-06-05 18:29:18",TRUE,3,0,Apple iPhone,Delhi,India,TRUE
"146","RT @cioinsiderindia: Apples annual WWDC21 is just around the corner as the date is scheduled on June 7 2021.  BY Keerthana Kantharaj","2021-06-05 18:21:20",TRUE,1,0,Apple iPhone,Delhi,India,FALSE
"147","@Apple iPhone 12 Pro Max - 129900  Unable to purchase this phone please increase the price by 1 lakh more.","2021-06-05 17:57:00",FALSE,0,-1,Apple iPhone,Delhi,India,FALSE
"148","I am not able to register airtel eSim in my Apple Watch SE. But I am already using in it My iPhone @airtelindia @AppleSupport","2021-06-05 16:42:04",FALSE,0,0,Apple iPhone,Delhi,India,FALSE
"149","RT @ETTelecom: iOS 14 now installed on 85% of compatible iPhones: Apple Apple APP AppStore IPads Devices AppleIos14 IOS14MarketShare","2021-06-05 16:40:35",TRUE,3,1,Apple iPhone,Delhi,India,FALSE
"150","RT @ETTelecom: iOS 14 now installed on 85% of compatible iPhones: Apple Apple APP AppStore IPads Devices AppleIos14 IOS14MarketShare","2021-06-05 16:35:31",TRUE,3,1,Apple iPhone,Delhi,India,TRUE
"151","I am not able to register airtel eSim in my Apple Watch SE. But I am already using in it My iPhone @Apple @airtelindia","2021-06-05 16:34:18",FALSE,0,0,Apple iPhone,Delhi,India,FALSE
"152","WWDC2021 Here's what might be coming in  /8fEK6mMgFj","2021-06-05 15:00:01",FALSE,0,0,Apple iPhone,Delhi,India,FALSE
"153","Samsung Galaxy M21 Prime Edition Incoming In India /dqSr4QBKGg","2021-06-05 14:47:55",FALSE,0,0,Apple iPhone,Delhi,India,FALSE
"154","Samsung Galaxy M21 Prime Edition Incoming In India /liri6V5FT2","2021-06-05 14:47:32",FALSE,0,0,Apple iPhone,Delhi,India,FALSE
"155","Apples annual WWDC21 is just around the corner as the date is scheduled on June 7 2021.  BY Keerthana Kanthara /Zgl5nIB3xg","2021-06-05 14:25:20",FALSE,1,0,Apple iPhone,Delhi,India,FALSE
"156","RT @ETTelecom: iOS 14 now installed on 85% of compatible iPhones: Apple Apple APP AppStore IPads Devices AppleIos14 IOS14MarketShare","2021-06-05 14:14:04",TRUE,3,1,Apple iPhone,Delhi,India,TRUE
"157","Perspective | iTrapped: All the things Apple wont let you do with your iPhone /McgD5FemHB","2021-06-05 13:58:42",FALSE,0,0,Apple iPhone,Delhi,India,FALSE
"158","Vivo Y73 Incoming In India /sNLuRuzdWQ","2021-06-05 13:58:11",FALSE,0,0,Apple iPhone,Delhi,India,FALSE
"159","Vivo Y73 Incoming In India /SZ3IL71zTc","2021-06-05 13:57:44",FALSE,0,0,Apple iPhone,Delhi,India,FALSE
"160","@Apple Yes there's never been so never switch to iphone! ","2021-06-05 12:49:54",FALSE,0,0,Apple iPhone,Delhi,India,FALSE
"161","RT @SanjayDhotreMP: The Postinfo App of @IndiaPostOffice provides you a plethora of services directly accessible on your phone.    Here's","2021-06-05 12:35:02",TRUE,13,1,Apple iPhone,Delhi,India,FALSE
"162","DM or WhatsApp us on +91 8676012345 to place your order.  /Ihm0ZqglIP","2021-06-05 11:24:08",FALSE,0,0,Apple iPhone,Delhi,India,FALSE
"163","Apple needs to tailor iOS 15 to make the iPhone 12 Pro morepro /01WcB5cxRe","2021-06-05 10:37:36",FALSE,0,0,Apple iPhone,Delhi,India,FALSE
"164","RT @fariapple: DM or WhatsApp us on +91 8676012345 to place your order.  . . . . . . . . iphone appleiphone macbook  gadget  fariapple","2021-06-05 10:03:50",TRUE,3,0,Apple iPhone,Delhi,India,TRUE
"165","RT @fariapple: DM or WhatsApp us on +91 8676012345 to place your order.  . . . . . . . . iphone appleiphone macbook  gadget  fariapple","2021-06-05 09:55:58",TRUE,3,0,Apple iPhone,Delhi,India,TRUE
"166","@JacobSingh I use an apple watch (which syncs with iPhone for its existence) Airpods directly switch between the c /tsNzh8E4dI","2021-06-05 09:49:39",FALSE,0,0,Apple iPhone,Delhi,India,FALSE
"167","DM or WhatsApp us on +91 8676012345 to place your order.  . . . . . . . . iphone appleiphone macbook  gadget /K9cG0dKh37","2021-06-05 09:18:22",FALSE,3,0,Apple iPhone,Delhi,India,FALSE
"168","@flipkartsupport the seller is selling iphone 12 without apple seal. Please take this complaint seriously  after s /eprqttz1Bf","2021-06-05 09:17:17",FALSE,0,-1,Apple iPhone,Delhi,India,FALSE
"169","RT @sum_anu: @Apple what's up with IOS 14.6? whenever I am browsing through safari iphone 12 is getting heated in couple of minutes. @App","2021-06-05 09:13:56",TRUE,1,0,Apple iPhone,Delhi,India,FALSE
"170","@Apple When will launched Iphone 13 ??","2021-06-05 08:22:14",FALSE,0,0,Apple iPhone,Delhi,India,FALSE
"171","Whats wrong with your AI Support System @Apple ! It is really frustrating! It cannot differentiate bw iMac &amp; MacMi /kYH5NP7hZy","2021-06-05 08:14:26",FALSE,0,-1,Apple iPhone,Delhi,India,FALSE
"172","@Pratyus62741229 @HDFCBank_Cares @AppleSupport @Apple @HDFC_Bank Similar issue for me also on iPhone 7 and while co /bCfEYWDjdP","2021-06-05 07:54:58",FALSE,0,-1,Apple iPhone,Delhi,India,FALSE
"173","RT @ETTelecom: Broadcom forecasts upbeat current-quarter sales on 5G ramp up Broadcom Apple 5G QuarterRevenue BroadcomRevenue IPhone","2021-06-05 07:41:23",TRUE,1,1,Apple iPhone,Delhi,India,FALSE
"174","iOS 14 now installed on 85% of compatible iPhones: Apple Apple APP AppStore IPads Devices AppleIos14 /iWXjejwffo","2021-06-05 07:00:08",FALSE,0,1,Apple iPhone,Delhi,India,FALSE
"175","iOS 14 now installed on 85% of compatible iPhones: Apple Apple APP AppStore IPads Devices AppleIos14 /kJrZ7pTe9u","2021-06-05 07:00:06",FALSE,3,1,Apple iPhone,Delhi,India,FALSE
"176","@Apple Yes it's true there's no good time to switch iphone but where do I get without money","2021-06-05 06:41:55",FALSE,0,1,Apple iPhone,Delhi,India,FALSE
"177","RT @fariapple: DM or WhatsApp us on +91 8676012345 to place your order.  . . . . . . . . iphone appleiphone macbook  gadget  fariapple","2021-06-05 06:40:39",TRUE,4,0,Apple iPhone,Delhi,India,TRUE
"178","@Apple there's never been a better time to switch to single kidney.. just joking.. but your mobile phones are over /ftrsR49xIt","2021-06-05 06:24:04",FALSE,0,1,Apple iPhone,Delhi,India,FALSE
"179","@TheGalox_ I am a big @Apple fan but when it's come to iPhones  and that's the only reason I can't use my favouri /mSdU5BXZug","2021-06-05 05:35:13",FALSE,0,0,Apple iPhone,Delhi,India,FALSE
"180","RT @fariapple: DM or WhatsApp us on +91 8676012345 to place your order.  . . . . . . . . iphone appleiphone macbook  gadget  fariapple","2021-06-05 05:09:37",TRUE,4,0,Apple iPhone,Delhi,India,TRUE
"181","RT @fariapple: DM or WhatsApp us on +91 8676012345 to place your order.  . . . . . . . . iphone appleiphone macbook  gadget  fariapple","2021-06-05 05:09:10",TRUE,4,0,Apple iPhone,Delhi,India,TRUE
"182","@Apple I don't have iphone.","2021-06-05 05:04:26",FALSE,0,0,Apple iPhone,Delhi,India,FALSE
"183","RT @fariapple: DM or WhatsApp us on +91 8676012345 to place your order.  . . . . . . . . iphone appleiphone macbook  gadget  fariapple","2021-06-05 05:03:47",TRUE,4,0,Apple iPhone,Delhi,India,TRUE
"184","DM or WhatsApp us on +91 8676012345 to place your order.  . . . . . . . . iphone appleiphone macbook  gadget /SF8kJd4bcL","2021-06-05 05:03:27",FALSE,4,0,Apple iPhone,Delhi,India,FALSE
"185","Get your competition's statistics and plan your marketing campaign with @predicti_vu's near real time insights acro /lVdCWtAT1q","2021-06-05 04:55:21",FALSE,0,0,Apple iPhone,Delhi,India,FALSE
"186","Did you know old gadgets have a long afterlife in landfills? On this WorldEnvironmentDay we request you to dump /X89srGr9ML","2021-06-05 04:15:57",FALSE,0,-1,Apple iPhone,Delhi,India,FALSE
"187","RT @UniqueSarvekash: You think the hottest technology is $1000 Apple iPhone and the fact that you have it you are so called high-tech and","2021-06-05 04:09:23",TRUE,1,1,Apple iPhone,Delhi,India,FALSE
"188","@Apple iPhone has battery issue when using phone as wifi hotspot. 100% charged phone drains in less than 1 hour.","2021-06-05 01:51:15",FALSE,0,-2,Apple iPhone,Delhi,India,FALSE
"189","iOS 15: What Apple needs to make the iPhonebetter /fqodjyUkJA","2021-06-04 22:05:06",FALSE,0,0,Apple iPhone,Delhi,India,FALSE
"190","@Apple Iphone 11is the worst phone. On 4 june again jst a day before my bday it again showing lines and not working","2021-06-04 21:14:53",FALSE,0,-1,Apple iPhone,Delhi,India,FALSE
"191","@Apple Lmao are you giving free iphone or not? ","2021-06-04 19:58:02",FALSE,0,1,Apple iPhone,Delhi,India,FALSE
"192","iPhone? AirPods? MacBook? You Live in Apple's World. Here's What You Are Missing. - The Wall Street Journal /J8K9bPrL7D","2021-06-04 16:06:06",FALSE,0,0,Apple iPhone,Delhi,India,FALSE
"193","@Apple in Iphone 11  Can i used primary physical JIO Sim &amp; secondary JIO ESIM ?????? please help","2021-06-04 15:58:25",FALSE,0,0,Apple iPhone,Delhi,India,FALSE
"194","Realme Confirmed To Unveil 5G Smartphones With Ultra Affordable Pricing /pc11YPQy75","2021-06-04 15:23:38",FALSE,0,1,Apple iPhone,Delhi,India,FALSE
"195","Realme Confirmed To Unveil 5G Smartphones With Ultra Affordable Pricing /hosHDt1O7m","2021-06-04 15:23:11",FALSE,0,1,Apple iPhone,Delhi,India,FALSE
"196","@gommuten @Karan__O @UniverseIce M1 chip W-series security chips LiDAR scanner AirTags which can connect to even /oEXa7Aznnh","2021-06-04 15:02:44",FALSE,0,0,Apple iPhone,Delhi,India,FALSE
"197","I blow up balloons on my birthday and say to father ( is bar apple iphone 12 dila do nah papa please)   Le my fath /N9D7HTLehw","2021-06-04 14:28:58",FALSE,0,-1,Apple iPhone,Delhi,India,FALSE
"198","iPhone 13: What to expect from Apples upcomingiPhones /BZpdfCQpoc","2021-06-04 13:17:53",FALSE,0,0,Apple iPhone,Delhi,India,FALSE
"199","RT @akhiljoseph: Check Out The Upcoming Features Of WhatsApp /81q8HNPXmW  Android news smartphones like4like likeforlike ","2021-06-04 13:05:12",TRUE,1,0,Apple iPhone,Delhi,India,FALSE
"200","RT @TechnobuggTweet: Check Out The Upcoming Features Of WhatsApp /Ik5wMNGWGI  Android news smartphones like4like likeforli","2021-06-04 13:04:52",TRUE,1,0,Apple iPhone,Delhi,India,FALSE
"201","Check Out The Upcoming Features Of WhatsApp /8o6uJL3hIh","2021-06-04 13:04:31",FALSE,1,0,Apple iPhone,Delhi,India,FALSE
"202","Check Out The Upcoming Features Of WhatsApp /XqWW1Ugw2K","2021-06-04 13:03:48",FALSE,1,0,Apple iPhone,Delhi,India,FALSE
"203","Google Pixel Buds A Unveiled /qOjUv4VXv7","2021-06-04 13:00:58",FALSE,0,0,Apple iPhone,Delhi,India,FALSE
"204","Out with the Old... In with the new! Apple iPhone X Repair - Screen replaced within 30mins - 1 year warranty - 10 /9amNQFjokp","2021-06-04 13:00:55",FALSE,0,0,Apple iPhone,Delhi,India,FALSE
"205","Google Pixel Buds A Unveiled /rZIHD8IbGf","2021-06-04 13:00:11",FALSE,0,0,Apple iPhone,Delhi,India,FALSE
"206","@Apple @AppleSupport @jagograhakjago my iphone battery is draining very fast its just been 11 months of purchase . /nOCi7JV497","2021-06-04 12:57:41",FALSE,0,0,Apple iPhone,Delhi,India,FALSE
"207","Official Looking Image Of Moto G Stylus 5G Surfaces /B99MhGkGNh","2021-06-04 12:54:41",FALSE,0,0,Apple iPhone,Delhi,India,FALSE
"208","Official Looking Image Of Moto G Stylus 5G Surfaces /M06oyD6UbS","2021-06-04 12:54:26",FALSE,0,0,Apple iPhone,Delhi,India,FALSE
"209","@Apple @tim_cook this is the user experience Amazon India is providing to their customers. Y such re sellers who ca /PXYfbXfpND","2021-06-04 11:50:55",FALSE,0,0,Apple iPhone,Delhi,India,FALSE
"210","iOS 15: What Apple needs to make the iPhonebetter /Vbn9keiOeG","2021-06-04 11:27:26",FALSE,0,0,Apple iPhone,Delhi,India,FALSE
"211","@jonesyoutubejt I think Apple products perform really great coz of the OS which works great with specially designed /hqT7ZoNvGw","2021-06-04 11:19:11",FALSE,0,3,Apple iPhone,Delhi,India,FALSE
"212","@Apple NCPI not supported by your iphone 6 and 6s ios below 13 why? Kindly gift me new ios 13 version smartphone w /38qRdrACTg","2021-06-04 11:17:10",FALSE,0,2,Apple iPhone,Delhi,India,FALSE
"213","RT @GyaniPrani: Mi 11 Ultra Coming Soon ! . . . xiaomi samsung iphone pro oppo redmi redminote vivo mi realme apple huawei sma","2021-06-04 11:03:22",TRUE,1,0,Apple iPhone,Delhi,India,FALSE
"214","Realme GT Series Will Be Expanded Soon /EcXMAPGn8p","2021-06-04 10:47:01",FALSE,0,0,Apple iPhone,Delhi,India,FALSE
"215","Realme GT Series Will Be Expanded Soon /V26iP3Lkyj","2021-06-04 10:46:35",FALSE,0,0,Apple iPhone,Delhi,India,FALSE
"216","Honor 50 Series Renders Leaked In Full Glory /1wVvkoFvmC","2021-06-04 10:43:16",FALSE,0,2,Apple iPhone,Delhi,India,FALSE
"217","Honor 50 Series Renders Leaked In Full Glory /q3wMkaFQxZ","2021-06-04 10:42:59",FALSE,0,2,Apple iPhone,Delhi,India,FALSE
"218","Honor Band 6 Indian Pricing Surfaces /6oSoF0BMhl","2021-06-04 10:39:45",FALSE,0,1,Apple iPhone,Delhi,India,FALSE
"219","Honor Band 6 Indian Pricing Surfaces /w8SoXhHMNk","2021-06-04 10:39:04",FALSE,0,1,Apple iPhone,Delhi,India,FALSE
"220","Samsung Galaxy A22 5G Unveiled With Triple Cameras /oFf0hjbEO7","2021-06-04 10:35:54",FALSE,0,0,Apple iPhone,Delhi,India,FALSE
"221","Samsung Galaxy A22 5G Unveiled With Triple Cameras /RIvQRpPzAI","2021-06-04 10:35:18",FALSE,0,0,Apple iPhone,Delhi,India,FALSE
"222","Samsung Galaxy A22 4G Goes Official With Triple Cameras /Dzesp0r1Pg","2021-06-04 10:30:37",FALSE,0,0,Apple iPhone,Delhi,India,FALSE
"223","Samsung Galaxy A22 4G Goes Official With Triple Cameras /PWGUuGawFv","2021-06-04 10:30:10",FALSE,0,0,Apple iPhone,Delhi,India,FALSE
"224","Mi 11 Ultra Coming Soon ! . . . xiaomi samsung iphone pro oppo redmi redminote vivo mi realme apple /AGVtLO7yHe","2021-06-04 09:53:40",FALSE,1,0,Apple iPhone,Delhi,India,FALSE
"225","Apple working on iPad Pro with wireless charging new iPad Mini: Bloomberg News IpadMini Apple BloombergNews /UWbox3ZHPz","2021-06-04 09:00:09",FALSE,0,0,Apple iPhone,Delhi,India,FALSE
"226","Apple working on iPad Pro with wireless charging new iPad Mini: Bloomberg News IpadMini Apple BloombergNews /pbSArcO7l0","2021-06-04 09:00:08",FALSE,0,0,Apple iPhone,Delhi,India,FALSE
"227","@Apple what's up with IOS 14.6? whenever I am browsing through safari iphone 12 is getting heated in couple of mi /8FD0405wgM","2021-06-04 08:45:08",FALSE,1,0,Apple iPhone,Delhi,India,FALSE
"228","I know apple ecosystem is amazing but this tool /XiT2wGN5q7","2021-06-04 08:11:09",FALSE,0,1,Apple iPhone,Delhi,India,FALSE
"229","@JakobStadlhuber @Apple @neilsardesai Its better that peeling the plastic off a iPhone","2021-06-04 06:51:41",FALSE,0,1,Apple iPhone,Delhi,India,FALSE
"230","RT @rapidrepair4u: Have connectivity problems with your iPhone's WiFi? Check out these tips that can solve all your problems in a jiffy -","2021-06-04 06:08:15",TRUE,1,-2,Apple iPhone,Delhi,India,FALSE
"231","Have connectivity problems with your iPhone's WiFi? Check out these tips that can solve all your problems in a jif /xwGk8c1x8i","2021-06-04 05:44:15",FALSE,1,-2,Apple iPhone,Delhi,India,FALSE
"232","@Apple This Is Unprecedented By Apple. My iPhone 6 is Working absolutely fine. But UPI Apps Started Working &amp; Apple /dMQkjlus3d","2021-06-04 05:09:15",FALSE,0,1,Apple iPhone,Delhi,India,FALSE
"233","Google Chrome got new widgets for quick access to search incognito mode QR code scanning and a game with a dino. /9U99jTRfd5","2021-06-04 05:05:39",FALSE,0,0,Apple iPhone,Delhi,India,FALSE
"234","You think the hottest technology is $1000 Apple iPhone and the fact that you have it you are so called high-tech /4QFp7WLT6a","2021-06-04 05:04:45",FALSE,1,1,Apple iPhone,Delhi,India,FALSE
"235","Easier to keep track of your spending and stick to a budget. supporting you with your specific budget.   App Detail /RvVOJsTrSb","2021-06-04 04:43:47",FALSE,0,2,Apple iPhone,Delhi,India,FALSE
"236","@Apple Will you give me a free iphone or what","2021-06-04 04:37:01",FALSE,0,1,Apple iPhone,Delhi,India,FALSE
"237","@rajnarang @anandmahindra @Apple U upgraded to iPhone ?","2021-06-04 04:32:29",FALSE,0,1,Apple iPhone,Delhi,India,FALSE
"238","Broadcom forecasts upbeat current-quarter sales on 5G ramp up Broadcom Apple 5G QuarterRevenue BroadcomRevenue /IgHy7BlqMn","2021-06-04 04:00:09",FALSE,0,1,Apple iPhone,Delhi,India,FALSE
"239","Broadcom forecasts upbeat current-quarter sales on 5G ramp up Broadcom Apple 5G QuarterRevenue BroadcomRevenue /Gnnwlg4eDd","2021-06-04 04:00:08",FALSE,1,1,Apple iPhone,Delhi,India,FALSE
"240","RT @TheTechTrakers: Iphone 13Jio AGM on 4th juneYouTube loopsnapdragon gaming phoneRealme GT 5Goneplus 9TTTT32  stufflistingsarmy ","2021-06-04 02:54:00",TRUE,1,0,Apple iPhone,Delhi,India,FALSE
"241","@Apple Why iPhone 6updated  isnot comming   12.4.3version is going on but  App is recommended  13....do things plz","2021-06-04 02:17:47",FALSE,0,1,Apple iPhone,Delhi,India,FALSE
"242","@Apple So give me one iphone ","2021-06-03 23:42:17",FALSE,0,0,Apple iPhone,Delhi,India,FALSE
"243","@Apple Give me one iphone","2021-06-03 23:35:30",FALSE,0,0,Apple iPhone,Delhi,India,FALSE
"244","@Apple @tim_cook @AppleSupport been the loyal customer from last 9 years and if you dont get proper response so wh /bZltUNgjYP","2021-06-03 21:12:53",FALSE,0,2,Apple iPhone,Delhi,India,FALSE
"245","Remembering Apples sweet solution for iPhone apps before the App Store - 9to5Mac /iP4UZekNoi","2021-06-03 20:39:05",FALSE,0,1,Apple iPhone,Delhi,India,FALSE
"246","RT @AndroidGreek: Apple announced that Apple TV will be available on Android TV as the Apple was expanding to other platforms as well such","2021-06-03 20:28:31",TRUE,8,2,Apple iPhone,Delhi,India,FALSE
"247","RT @AndroidGreek: Apple announced that Apple TV will be available on Android TV as the Apple was expanding to other platforms as well such","2021-06-03 20:28:29",TRUE,8,2,Apple iPhone,Delhi,India,TRUE
"248","@Apple Im using your iPhone 6 in this phone you are not providing wifi calling service because at my home place th /DAyE9HEnOc","2021-06-03 19:06:33",FALSE,0,0,Apple iPhone,Delhi,India,FALSE
"249","Ordered iPhone on 24may and yet not received unable to contact @AppleSupport @tim_cook fedex changes status everyd /UgsbDgBzDD","2021-06-03 18:07:06",FALSE,0,-1,Apple iPhone,Delhi,India,FALSE
"250","@Apple Can you please give an option for joining Bluetooth devices? Its quite annoying that the iPhone automaticall /b5uXYeneLE","2021-06-03 17:17:11",FALSE,0,-1,Apple iPhone,Delhi,India,FALSE
"251","Samsung Galaxy Book Go Unveiled /TmdfETv95D","2021-06-03 15:00:43",FALSE,0,0,Apple iPhone,Delhi,India,FALSE
"252","Samsung Galaxy Book Go Unveiled /KMHK977RoU","2021-06-03 14:59:17",FALSE,0,0,Apple iPhone,Delhi,India,FALSE
"253","@Trendlyne Your website and Android app works really good and have all the required informations. Waiting for your /UktxOIBC2k","2021-06-03 14:51:54",FALSE,0,2,Apple iPhone,Delhi,India,FALSE
"254","Nokia C20 Plus Incoming Next Week /U8JWa9nMoj","2021-06-03 14:51:21",FALSE,0,0,Apple iPhone,Delhi,India,FALSE
"255","RT @TechnobuggTweet: Nokia C20 Plus Incoming Next Week /D17tjPIEL7  Android news smartphones like4like likeforlike follo","2021-06-03 14:51:01",TRUE,1,0,Apple iPhone,Delhi,India,FALSE
"256","Nokia C20 Plus Incoming Next Week /jSlUq3avcl","2021-06-03 14:50:35",FALSE,1,0,Apple iPhone,Delhi,India,FALSE
"257","Tecno Pova 2 Goes Official With Massive Battery /rR3vYrt20h","2021-06-03 14:36:25",FALSE,0,0,Apple iPhone,Delhi,India,FALSE
"258","Tecno Pova 2 Goes Official With Massive Battery /dRX42wLosJ","2021-06-03 14:35:46",FALSE,0,0,Apple iPhone,Delhi,India,FALSE
"259","Vivo Y70t Unveiled With Triple Cameras /bIaODyZQC1","2021-06-03 14:33:52",FALSE,0,0,Apple iPhone,Delhi,India,FALSE
"260","Vivo Y70t Unveiled With Triple Cameras /R1mquBHgbe","2021-06-03 14:33:16",FALSE,0,0,Apple iPhone,Delhi,India,FALSE
"261","RT @mysmartprice: Apple Might Add LiDAR Sensor to all iPhone13 Models 1TB Storage Option in the Works as Well  Read here: /RW","2021-06-03 14:31:30",TRUE,4,2,Apple iPhone,Delhi,India,FALSE
"262","Everything to know about iPhone 13 series  /vJGlopFPd2 by Akshay   iPhone13 iPhone12s iPhone12 Apple iOS Samsung Tech","2021-06-03 14:21:52",FALSE,0,0,Apple iPhone,Delhi,India,FALSE
"263","Iphone 13Jio AGM on 4th juneYouTube loopsnapdragon gaming phoneRealme GT 5Goneplus 9TTTT32 /oBqUbCgErw","2021-06-03 13:55:40",FALSE,1,0,Apple iPhone,Delhi,India,FALSE
"264","Say Hello To Asus Chromebook Detachable CM3 /4egCS7gnBe","2021-06-03 13:52:56",FALSE,0,1,Apple iPhone,Delhi,India,FALSE
"265","Say Hello To Asus Chromebook Detachable CM3 /OQyLtqKDKz","2021-06-03 13:52:03",FALSE,0,1,Apple iPhone,Delhi,India,FALSE
"266","Check Out The First Look Of Huawei P50 series /mHtF4uc82h","2021-06-03 13:51:06",FALSE,0,0,Apple iPhone,Delhi,India,FALSE
"267","RT @TechnobuggTweet: Check Out The First Look Of Huawei P50 series /caNWA2JVDI  Android news smartphones like4like likefor","2021-06-03 13:51:04",TRUE,1,0,Apple iPhone,Delhi,India,FALSE
"268","Check Out The First Look Of Huawei P50 series /yfE4pwJIR7","2021-06-03 13:50:37",FALSE,1,0,Apple iPhone,Delhi,India,FALSE
"269","RT @HTTech: .@Apple iPhone13 series smartphones are expected to launch in September this year! More details inside..  /n9RGsTV","2021-06-03 13:01:06",TRUE,2,0,Apple iPhone,Delhi,India,FALSE
"270","RT @HTTech: .@Apple iPhone13 series smartphones are expected to launch in September this year! More details inside..  /n9RGsTV","2021-06-03 12:50:45",TRUE,2,0,Apple iPhone,Delhi,India,TRUE
"271",".@Apple iPhone13 series smartphones are expected to launch in September this year! More details inside..  /n9RGsTV2uj","2021-06-03 12:50:10",FALSE,2,0,Apple iPhone,Delhi,India,FALSE
"272","RT @mysmartprice: Apple Might Add LiDAR Sensor to all iPhone13 Models 1TB Storage Option in the Works as Well  Read here: /RW","2021-06-03 11:48:06",TRUE,4,2,Apple iPhone,Delhi,India,TRUE
"273","It's the 1st time I am feeling disappointed by my purchase of M&amp;M product Mr. @anandmahindra. Upgraded from Scorpio /Je3YVr56u8","2021-06-03 11:27:43",FALSE,0,0,Apple iPhone,Delhi,India,FALSE
"274","RT @mysmartprice: Apple Might Add LiDAR Sensor to all iPhone13 Models 1TB Storage Option in the Works as Well  Read here: /RW","2021-06-03 11:20:21",TRUE,4,2,Apple iPhone,Delhi,India,TRUE
"275","RT @mysmartprice: Apple Might Add LiDAR Sensor to all iPhone13 Models 1TB Storage Option in the Works as Well  Read here: /RW","2021-06-03 11:17:06",TRUE,4,2,Apple iPhone,Delhi,India,TRUE
"276","Apple Might Add LiDAR Sensor to all iPhone13 Models 1TB Storage Option in the Works as Well  Read here: /oaiKtY0F6a","2021-06-03 11:10:00",FALSE,4,2,Apple iPhone,Delhi,India,FALSE
"277","iPhones worth Rs 3.19 cr seized by Delhi Customs ANI Apple iPhone DelhiNews /fsslWS4Jbd","2021-06-03 10:36:46",FALSE,0,1,Apple iPhone,Delhi,India,FALSE
"278","iPhone 13 | Apple iPhone 13 Series Battery &amp; Display Details Revealed | iPhone 13 2021 iPhone iPhone13 WWDC21 /e431h1BK5a","2021-06-03 10:34:00",FALSE,0,0,Apple iPhone,Delhi,India,FALSE
"279","RT @akhiljoseph: Microsoft Confirms Date Of New Version Of Windows 10 /9p38DaDP4J  Android news smartphones like4like lik","2021-06-03 09:08:02",TRUE,3,0,Apple iPhone,Delhi,India,FALSE
"280","RT @akhiljoseph: Microsoft Confirms Date Of New Version Of Windows 10 /9p38DaDP4J  Android news smartphones like4like lik","2021-06-03 09:05:14",TRUE,3,0,Apple iPhone,Delhi,India,TRUE
"281","RT @TechnobuggTweet: Microsoft Confirms Date Of New Version Of Windows 10 /nz7VNq94ps  Android news smartphones like4like","2021-06-03 09:04:48",TRUE,1,0,Apple iPhone,Delhi,India,FALSE
"282","Microsoft Confirms Date Of New Version Of Windows 10 /X86iIxySfR","2021-06-03 09:04:11",FALSE,3,0,Apple iPhone,Delhi,India,FALSE
"283","Microsoft Confirms Date Of New Version Of Windows 10 /Kx2nMcW5On","2021-06-03 09:03:44",FALSE,1,0,Apple iPhone,Delhi,India,FALSE
"284","RT @PiunikaWeb: [Update: June 02] Apple iPhone 12 series bugs &amp; issues tracker /OegeupPkiH","2021-06-03 08:18:02",TRUE,1,-2,Apple iPhone,Delhi,India,FALSE
"285","@kevinwillsv1 @SohanKumarJena1 @SyedRiadTonmoy @MKBHD Well if he has his facts correct he might have known that iPh /uzkxED1KH9","2021-06-03 08:08:17",FALSE,0,2,Apple iPhone,Delhi,India,FALSE
"286","Apple loses several top execs from self-driving car division Apple TeslaInc Devices ManagementTeam Engineers /q6fJ07BbuC","2021-06-03 07:00:09",FALSE,0,0,Apple iPhone,Delhi,India,FALSE
"287","Apple loses several top execs from self-driving car division Apple TeslaInc Devices ManagementTeam Engineers /DZXF39ZI4W","2021-06-03 07:00:08",FALSE,0,0,Apple iPhone,Delhi,India,FALSE
"288","Got auto popup on my iPhone that Apple doing survey and I won iPhone 12pro and was asking for $1 payment along thro /4PWf7ex5sZ","2021-06-03 05:37:16",FALSE,0,1,Apple iPhone,Delhi,India,FALSE
"289","RT @TheTechTrakers: Magsafe saves an IphoneIQOO Z3Poco M3 proXiaomi TvDunzo DroneAmazon settelight Internet TTT31  APPLE IQOOZ3 PO","2021-06-03 05:24:55",TRUE,1,0,Apple iPhone,Delhi,India,FALSE
"290","RT @GyaniPrani: Mi 11 Ultra Sale ! Coming Tonight at 8:30 PM . . . xiaomi samsung iphone pro oppo redmi redminote vivo mi realme","2021-06-03 03:33:42",TRUE,2,0,Apple iPhone,Delhi,India,FALSE
"291","European consumer group joins EU antitrust case against Apple Apple AppleAntitrustCase Devices /HLK1MziOwT","2021-06-03 03:30:09",FALSE,0,0,Apple iPhone,Delhi,India,FALSE
"292","European consumer group joins EU antitrust case against Apple Apple AppleAntitrustCase Devices /3o5OGWWR3J","2021-06-03 03:30:07",FALSE,0,0,Apple iPhone,Delhi,India,FALSE
"293","RT @AndroidGreek: Apple announced that Apple TV will be available on Android TV as the Apple was expanding to other platforms as well such","2021-06-02 19:46:14",TRUE,8,2,Apple iPhone,Delhi,India,TRUE
"294","RT @AndroidGreek: Apple announced that Apple TV will be available on Android TV as the Apple was expanding to other platforms as well such","2021-06-02 19:46:09",TRUE,8,2,Apple iPhone,Delhi,India,TRUE
"295","RT @AndroidGreek: Apple announced that Apple TV will be available on Android TV as the Apple was expanding to other platforms as well such","2021-06-02 19:45:05",TRUE,8,2,Apple iPhone,Delhi,India,TRUE
"296","RT @AndroidGreek: Apple announced that Apple TV will be available on Android TV as the Apple was expanding to other platforms as well such","2021-06-02 19:45:05",TRUE,8,2,Apple iPhone,Delhi,India,TRUE
"297","RT @AndroidGreek: Apple announced that Apple TV will be available on Android TV as the Apple was expanding to other platforms as well such","2021-06-02 19:42:05",TRUE,8,2,Apple iPhone,Delhi,India,TRUE
"298","Apple announced that Apple TV will be available on Android TV as the Apple was expanding to other platforms as wel /Fuek3CffCP","2021-06-02 19:39:24",FALSE,8,1,Apple iPhone,Delhi,India,FALSE
"299","@Apple Dear Team apple my iphone 12 is updated with latest version 14.6 post the update phones response has been /HRNzu5qezv","2021-06-02 17:05:42",FALSE,0,0,Apple iPhone,Delhi,India,FALSE
"300","Apple is allegedly making three larger-capacity batteries for its iPhone 13 series with three different capacities /PyWEWlsKK2","2021-06-02 16:12:36",FALSE,0,0,Apple iPhone,Delhi,India,FALSE
"301","@CallMeVid @litMoha @UniverseIce An iPhone 11 with camera modules double the size housing multiple cameras. Althoug /7M0e0DkVyS","2021-06-02 15:19:29",FALSE,0,0,Apple iPhone,Delhi,India,FALSE
"302","Reliance AGM 2021 Date Confirmed /Rt8TcRnBmZ","2021-06-02 15:14:30",FALSE,0,0,Apple iPhone,Delhi,India,FALSE
"303","Reliance AGM 2021 Date Confirmed /rBlYiD7OVB","2021-06-02 15:13:48",FALSE,0,0,Apple iPhone,Delhi,India,FALSE
"304","Dizo Star 500 And Star 300 Phones Incoming /Jz82SRk518","2021-06-02 15:11:44",FALSE,0,0,Apple iPhone,Delhi,India,FALSE
"305","Dizo Star 500 And Star 300 Phones Incoming /J3AtmHYbz1","2021-06-02 15:11:03",FALSE,0,0,Apple iPhone,Delhi,India,FALSE
"306","OnePlus Nord CE Specifications Leaked /XWGUpX0Cli","2021-06-02 15:08:07",FALSE,0,0,Apple iPhone,Delhi,India,FALSE
"307","RT @TechnobuggTweet: OnePlus Nord CE Specifications Leaked /RmAfKfsbql  Android news smartphones like4like likeforlike f","2021-06-02 15:07:57",TRUE,2,0,Apple iPhone,Delhi,India,FALSE
"308","RT @TechnobuggTweet: OnePlus Nord CE Specifications Leaked /RmAfKfsbql  Android news smartphones like4like likeforlike f","2021-06-02 15:05:04",TRUE,2,0,Apple iPhone,Delhi,India,TRUE
"309","OnePlus Nord CE Specifications Leaked /Dlr97zKEgM","2021-06-02 15:04:37",FALSE,2,0,Apple iPhone,Delhi,India,FALSE
"310","Almost a year back I bought the Apple leather case of my iPhone 11 Pro and I have never ever used another case. /aJBO99W5SP","2021-06-02 14:48:07",FALSE,0,0,Apple iPhone,Delhi,India,FALSE
"311","RT @BiIndia: iPhoneSE3 launch date specifications price in India and everything else we know so far  /BKyyxVL9Yd  By @jainro","2021-06-02 14:45:53",TRUE,2,0,Apple iPhone,Delhi,India,FALSE
"312","Here's why Apple's upcoming iPhone 13 series could feature better battery life than their predecessors.  @Apple /zXp2qobN5M","2021-06-02 14:12:16",FALSE,0,1,Apple iPhone,Delhi,India,FALSE
"313","@Apple iPhone prices :                                                               1 Kidney = iPhone 12 Mini 2 Ki /X7AidPeSaW","2021-06-02 13:58:12",FALSE,0,0,Apple iPhone,Delhi,India,FALSE
"314","Magsafe saves an IphoneIQOO Z3Poco M3 proXiaomi TvDunzo DroneAmazon settelight Internet TTT31  APPLE IQOOZ3 /QvacSGngU2","2021-06-02 13:44:44",FALSE,1,0,Apple iPhone,Delhi,India,FALSE
"315","Realme GT 5G Global Variant Image Leaked /slexhN4mxH","2021-06-02 13:38:15",FALSE,0,0,Apple iPhone,Delhi,India,FALSE
"316","Realme GT 5G Global Variant Image Leaked /wmxu8Ldfut","2021-06-02 13:37:52",FALSE,0,0,Apple iPhone,Delhi,India,FALSE
"317","Honor 50 Series Third Smartphone Name Revealed /05obarakES","2021-06-02 12:09:03",FALSE,0,1,Apple iPhone,Delhi,India,FALSE
"318","Honor 50 Series Third Smartphone Name Revealed /kN150B9nvQ","2021-06-02 12:08:16",FALSE,0,1,Apple iPhone,Delhi,India,FALSE
"319","OnePlus 9T Specifications Surfaced Online /4E55wmSFrH","2021-06-02 12:02:34",FALSE,0,0,Apple iPhone,Delhi,India,FALSE
"320","OnePlus 9T Specifications Surfaced Online /e5QJwpwmiZ","2021-06-02 12:02:08",FALSE,0,0,Apple iPhone,Delhi,India,FALSE
"321","@NawabZada56    iPhone 11 Pro Max . Kafi ache features Hain. Apple A13 Bionic processor Hai  3969mAh  bat /GEG6sc8uAs","2021-06-02 10:05:17",FALSE,0,-1,Apple iPhone,Delhi,India,FALSE
"322","RT @GyaniPrani: Mi 11 Ultra Sale ! Coming Tonight at 8:30 PM . . . xiaomi samsung iphone pro oppo redmi redminote vivo mi realme","2021-06-02 09:36:38",TRUE,2,0,Apple iPhone,Delhi,India,TRUE
"323","Mi 11 Ultra Sale ! Coming Tonight at 8:30 PM . . . xiaomi samsung iphone pro oppo redmi redminote vivo mi /nye9XGrqgg","2021-06-02 09:36:28",FALSE,2,0,Apple iPhone,Delhi,India,FALSE
"324","@iphonemaxofcl @tim_cook @AppleSupport @Apple @Gadgets360 the worst mobile phone I ever used from apple iPhone 12 p /kgp2Mnqpcq","2021-06-02 09:36:23",FALSE,1,-1,Apple iPhone,Delhi,India,FALSE
"325","RT @TechnobuggTweet: iQOO Z3 5G Image Appears Online /jZDgakh57i  Android news smartphones like4like likeforlike follow4","2021-06-02 08:51:12",TRUE,1,0,Apple iPhone,Delhi,India,FALSE
"326","iQOO Z3 5G Image Appears Online /i8KpwZOXVZ","2021-06-02 08:51:07",FALSE,0,0,Apple iPhone,Delhi,India,FALSE
"327","RT @akhiljoseph: Specifications Of An Upcoming iQOO Smartphone Surfaces /Zc2QnO06pv  Android news smartphones like4like li","2021-06-02 08:51:00",TRUE,1,0,Apple iPhone,Delhi,India,FALSE
"328","RT @TechnobuggTweet: Specifications Of An Upcoming iQOO Smartphone Surfaces /BFSv5yC5AZ  Android news smartphones like4like","2021-06-02 08:50:43",TRUE,1,0,Apple iPhone,Delhi,India,FALSE
"329","iQOO Z3 5G Image Appears Online /fuitxsT3Sc","2021-06-02 08:50:39",FALSE,1,0,Apple iPhone,Delhi,India,FALSE
"330","Specifications Of An Upcoming iQOO Smartphone Surfaces /AuRihkvWRD","2021-06-02 08:48:43",FALSE,1,0,Apple iPhone,Delhi,India,FALSE
"331","Specifications Of An Upcoming iQOO Smartphone Surfaces /s0LsZ1lUin","2021-06-02 08:48:21",FALSE,1,0,Apple iPhone,Delhi,India,FALSE
"332","RT @fariapple: DM or WhatsApp us on +91 8676012345 to place your order.  . . . . . . . . iphone  macbook  gadget  fariapple iphone12 ","2021-06-02 08:44:05",TRUE,1,0,Apple iPhone,Delhi,India,FALSE
"333","[Update: June 02] Apple iPhone 12 series bugs &amp; issues tracker /OegeupPkiH","2021-06-02 08:16:06",FALSE,1,-2,Apple iPhone,Delhi,India,FALSE
"334","Apples iPhone 13 may come with a significantly biggerbattery /BgsHHswFkr","2021-06-02 07:51:24",FALSE,0,0,Apple iPhone,Delhi,India,FALSE
"335","DM or WhatsApp us on +91 8676012345 to place your order.  . . . . . . . . iphone  macbook  gadget  fariapple /R8wr6bNOR2","2021-06-02 07:18:55",FALSE,1,0,Apple iPhone,Delhi,India,FALSE
"336","This Ayurvedic App for android as well as for iPhone listed in good ratings. Well! it's a new journey for BIOAYURVE /FnunSgSVct","2021-06-02 07:15:20",FALSE,0,3,Apple iPhone,Delhi,India,FALSE
"337","/n2QcEnwpSR","2021-06-02 07:13:24",FALSE,0,0,Apple iPhone,Delhi,India,FALSE
"338","Hello Team while charging my iPhone 11pro the back glass is suddenly broken so please suggest what to do @Apple /gYqZT0FJ1A","2021-06-02 06:58:14",FALSE,0,-1,Apple iPhone,Delhi,India,FALSE
"339","OnePlus Nord CE 5G Key Information Revealed /0EIewuDnaD","2021-06-02 05:58:01",FALSE,0,0,Apple iPhone,Delhi,India,FALSE
"340","OnePlus Nord CE 5G Key Information Revealed /xG6cOGiMFs","2021-06-02 05:57:37",FALSE,0,0,Apple iPhone,Delhi,India,FALSE
"341","RT @IndiaTodayTech: Apple is likely to launch the iPhone 13 series sometime in September this year. /lpGfkHNP62","2021-06-02 04:53:58",TRUE,3,0,Apple iPhone,Delhi,India,FALSE
"342","RT @IndiaTodayTech: Apple is likely to launch the iPhone 13 series sometime in September this year. /lpGfkHNP62","2021-06-02 04:44:03",TRUE,3,0,Apple iPhone,Delhi,India,TRUE
"343","RT @IndiaTodayTech: Apple is likely to launch the iPhone 13 series sometime in September this year. /lpGfkHNP62","2021-06-02 04:43:37",TRUE,3,0,Apple iPhone,Delhi,India,TRUE
"344","Apple is likely to launch the iPhone 13 series sometime in September this year. /lpGfkHNP62","2021-06-02 04:41:53",FALSE,3,0,Apple iPhone,Delhi,India,FALSE
"345","Taiwan's Foxconn Apple's main iPhone manufacturer has announced it is teaming up with state-run energy group PTT /NQcdfliudO","2021-06-02 04:24:14",FALSE,0,0,Apple iPhone,Delhi,India,FALSE
"346","RT @TeesriJungNews: BREAKING : Fire at Apples iPhone maker Foxconn building in Shenzhen ... /JGx6LRADcm via @YouTube","2021-06-02 04:21:22",TRUE,1,-1,Apple iPhone,Delhi,India,FALSE
"347","/x1nhqjhDfD","2021-06-02 04:00:49",FALSE,0,0,Apple iPhone,Delhi,India,FALSE
"348","/yQ6o3xVjcb","2021-06-02 04:00:01",FALSE,0,0,Apple iPhone,Delhi,India,FALSE
"349","How to Use Alexa With Your iPhone?  @Apple alexa smartassistant iphone howto rapidhacek tipsoftheday /hQFYo62UBc","2021-06-02 03:59:40",FALSE,0,0,Apple iPhone,Delhi,India,FALSE
"350","How to Use Alexa With Your iPhone?  @Apple alexa smartassistant iphone howto rapidhacek tipsoftheday /7xsIf1KJSg","2021-06-02 03:59:14",FALSE,0,0,Apple iPhone,Delhi,India,FALSE
"351","RT @TECH_ONDUTY: Battery capacities of the alleged iPhone 13 series devices have been revealed courtesy of 3C certification. Apple iPhone","2021-06-02 03:58:12",TRUE,1,0,Apple iPhone,Delhi,India,FALSE
"352","RT @TeesriJungNews: BREAKING : Fire at Apples iPhone maker Foxconn building in Shenzhen ... /dqT70VehoK via @YouTube","2021-06-02 03:50:51",TRUE,1,-1,Apple iPhone,Delhi,India,FALSE
"353","BREAKING : Fire at Apples iPhone maker Foxconn building in Shenzhen ... /dqT70VehoK via @YouTube","2021-06-02 03:48:09",FALSE,1,-1,Apple iPhone,Delhi,India,FALSE
"354","Battery capacities of the alleged iPhone 13 series devices have been revealed courtesy of 3C certification. Apple /C3znNyggxY","2021-06-02 03:33:36",FALSE,0,0,Apple iPhone,Delhi,India,FALSE
"355","BREAKING : Fire at Apples iPhone maker Foxconn building in Shenzhen ... /JGx6LRADcm via @YouTube","2021-06-02 03:31:52",FALSE,1,-1,Apple iPhone,Delhi,India,FALSE
"356","Absolutely Correct We want some price cut in the Next iPhone I Appreciate this step that @apple is Making iPhones /sT7AJzAuDo","2021-06-02 03:26:40",FALSE,0,2,Apple iPhone,Delhi,India,FALSE
"357","iphone13 Iphone Users Usually face charging issue Due to the lack of Type - C At least Please add Type - C in th /NYHhDZT52W","2021-06-02 03:23:51",FALSE,0,-2,Apple iPhone,Delhi,India,FALSE
"358","RT @dipak8193110: This Time Apple Must Add Type - C in the New iphone Lineup. iphone13","2021-06-02 03:18:49",TRUE,2,0,Apple iPhone,Delhi,India,FALSE
"359","RT @dipak8193110: This Time Apple Must Add Type - C in the New iphone Lineup. iphone13","2021-06-02 02:54:04",TRUE,2,0,Apple iPhone,Delhi,India,TRUE
"360","This Time Apple Must Add Type - C in the New iphone Lineup. iphone13","2021-06-02 02:51:59",FALSE,2,0,Apple iPhone,Delhi,India,FALSE
"361","Battery capacities of the alleged iPhone 13 series devices have been revealed courtesy of 3C certification. Apple /JpR0rdv9Fh","2021-06-02 02:38:38",FALSE,1,0,Apple iPhone,Delhi,India,FALSE
"362","RT @kailashbisht198: @Apple Well just a suggestion drop your price little bit so we will try to buy iphone 12. For example if you reduce t","2021-06-01 23:28:37",TRUE,1,1,Apple iPhone,Delhi,India,FALSE
"363","RT @geekabhishek_: Hey @utsavtechie bhai why apple doesn't sell iPhone on EMIS in india as foreign countries?","2021-06-01 18:01:59",TRUE,5,0,Apple iPhone,Delhi,India,FALSE
"364","Which side of the tech ecosystem are you living in? Inconsistencies may arise in the data due to flaws in its vary /Ft2pS1D9VK","2021-06-01 17:28:53",FALSE,0,-2,Apple iPhone,Delhi,India,FALSE
"365","RT @usmankhilji: iOS 14.6 Heating Alert What about testing your iOS update before general release?  iOS 14.6 just set a new record in batte","2021-06-01 17:14:59",TRUE,1,0,Apple iPhone,Delhi,India,FALSE
"366","@Apple Well just a suggestion drop your price little bit so we will try to buy iphone 12. For example if you reduc /buyr4KxRev","2021-06-01 16:07:39",FALSE,1,1,Apple iPhone,Delhi,India,FALSE
"367","Xiaomi Unveils New Mi TV 4A 40 Horizon Edition In India /V5PQcw35qt","2021-06-01 15:59:27",FALSE,0,0,Apple iPhone,Delhi,India,FALSE
"368","Xiaomi Unveils New Mi TV 4A 40 Horizon Edition In India /SbiGFAnkFw","2021-06-01 15:58:54",FALSE,0,0,Apple iPhone,Delhi,India,FALSE
"369","@NokiaMobile An oversized phone which runs on a featureless version of Android as compared to competitors learn som /VUc20T92pp","2021-06-01 15:49:09",FALSE,0,0,Apple iPhone,Delhi,India,FALSE
"370","Report: Apple expected to use sensor-shift image stabilization units in all of its next-generation iPhonemodels /gSH71g1Vlj","2021-06-01 15:31:42",FALSE,0,0,Apple iPhone,Delhi,India,FALSE
"371","RT @NishantBareilly: Leaked iphone 13 modules !   iPhone iPhone13 Apple /PvMvOqdlL3","2021-06-01 14:51:12",TRUE,1,0,Apple iPhone,Delhi,India,FALSE
"372","Leaked iphone 13 modules !   iPhone iPhone13 Apple /PvMvOqdlL3","2021-06-01 14:49:23",FALSE,1,0,Apple iPhone,Delhi,India,FALSE
"373","@Apple Is it worth buying iphone 11 in 2021 ?  I am fed up of cheap samsung phones which break down every 1-2 years /Uva1s5ABpQ","2021-06-01 14:32:32",FALSE,0,-1,Apple iPhone,Delhi,India,FALSE
"374","RT @theUpcomingEr: @_abhigodara Yupp. Imagine people with 6/6s in the name of iPhone and still thinking that they are a part of Apple ecosy","2021-06-01 14:08:48",TRUE,1,0,Apple iPhone,Delhi,India,FALSE
"375","@_abhigodara Yupp. Imagine people with 6/6s in the name of iPhone and still thinking that they are a part of Apple ecosystem... ","2021-06-01 14:08:34",FALSE,1,0,Apple iPhone,Delhi,India,FALSE
"376","Foxconn teams up with Thailand's PTT to make electric vehicles FoxconnElectricVehicles ZhejiangGeelyHoldingGroup /V0H1LNuWND","2021-06-01 13:30:10",FALSE,0,0,Apple iPhone,Delhi,India,FALSE
"377","Foxconn teams up with Thailand's PTT to make electric vehicles FoxconnElectricVehicles ZhejiangGeelyHoldingGroup /XFwRqtQI77","2021-06-01 13:30:09",FALSE,1,0,Apple iPhone,Delhi,India,FALSE
"378","iQOO Z3 5G Key Information Revealed /1X2DlG9YR0","2021-06-01 11:09:32",FALSE,0,0,Apple iPhone,Delhi,India,FALSE
"379","iQOO Z3 5G Key Information Revealed /JnWOamkd7A","2021-06-01 11:08:54",FALSE,0,0,Apple iPhone,Delhi,India,FALSE
"380","Honor Band 6 India Launch Confirmed /ijQDPciIM6","2021-06-01 11:00:59",FALSE,0,1,Apple iPhone,Delhi,India,FALSE
"381","Honor Band 6 India Launch Confirmed /TEdC832spE","2021-06-01 11:00:39",FALSE,0,1,Apple iPhone,Delhi,India,FALSE
"382","Check Out Warm Confirmation Of WhatsApp  /h1afy0a0gL","2021-06-01 10:43:16",FALSE,0,1,Apple iPhone,Delhi,India,FALSE
"383","Check Out Warm Confirmation Of WhatsApp  /WjVtuj4zYz","2021-06-01 10:43:12",FALSE,0,1,Apple iPhone,Delhi,India,FALSE
"384","RT @geekabhishek_: Hey @utsavtechie bhai why apple doesn't sell iPhone on EMIS in india as foreign countries?","2021-06-01 10:18:10",TRUE,5,0,Apple iPhone,Delhi,India,TRUE
"385","Samsung GalaxyZFlip3 to weigh the same as Flip 5G!   phones billionairehomes billionairemindset luxuryhomes /j82gdG2Ocg","2021-06-01 09:02:48",FALSE,0,0,Apple iPhone,Delhi,India,FALSE
"386","RT @ShuvaRaha: ClimateAction misuse @Apple lost 'tied sale' case in Brazil for excluding charger in iPhone12 retail box 'out of concern f","2021-06-01 08:46:47",TRUE,2,-3,Apple iPhone,Delhi,India,FALSE
"387","RT @ShuvaRaha: ClimateAction misuse @Apple lost 'tied sale' case in Brazil for excluding charger in iPhone12 retail box 'out of concern f","2021-06-01 08:46:42",TRUE,2,-3,Apple iPhone,Delhi,India,TRUE
"388","ClimateAction misuse @Apple lost 'tied sale' case in Brazil for excluding charger in iPhone12 retail box 'out of /dBplewTIkD","2021-06-01 08:43:39",FALSE,2,-2,Apple iPhone,Delhi,India,FALSE
"389","iOS 14.6? Yes youve heard the right!   The new iOS 14.6 update has arrived with urgent fixes &amp; cool new features. /XDCNbmugaE","2021-06-01 07:24:30",FALSE,0,1,Apple iPhone,Delhi,India,FALSE
"390","Apple iPhone SE OnePlus 9R to iQOO 7 5G: Best phones under Rs 40000 (June 2021) /EYWr2tUeBt","2021-06-01 07:01:37",FALSE,0,1,Apple iPhone,Delhi,India,FALSE
"391","RT Dazeinfo ""The videos posted by few developers are quite shocking!  - Dazeinfo @Apple iPhone iPad iOS apps /bJqJaZ3PAJ","2021-06-01 04:44:34",FALSE,0,-1,Apple iPhone,Delhi,India,FALSE
"392","RT @mysmartprice: Apple Loses Lawsuit! Forced to Deliver Free iPhone12 Charging Adapter to User  Read here: /hSyXLNp13t https:","2021-06-01 03:28:52",TRUE,15,0,Apple iPhone,Delhi,India,FALSE
"393","Indians and Indian Govt has to go long way     Apple Loses Lawsuit! Forced to Deliver Free iPhone 12 Charging Adap /klDdcqibPZ","2021-06-01 03:20:14",FALSE,0,0,Apple iPhone,Delhi,India,FALSE
"394","RT @timesofindia: How Apple FaceTime helped cops catch iPhone thieves /MTXWbrNeii via @gadgetsnow","2021-06-01 02:53:41",TRUE,3,1,Apple iPhone,Delhi,India,FALSE
"395","Apple iPhone 13 Pro 120Hz OLED display made by Samsung under mass-production ahead of WWDC 2021  Apple iphone13 /cJIfn17MZz","2021-05-31 23:30:00",FALSE,0,0,Apple iPhone,Delhi,India,FALSE
"396","RT @mysmartprice: Apple Loses Lawsuit! Forced to Deliver Free iPhone12 Charging Adapter to User  Read here: /hSyXLNp13t https:","2021-05-31 21:14:11",TRUE,15,0,Apple iPhone,Delhi,India,TRUE
"397","RT @Ankit167Ankit: Finland Smartphone Market Share    Samsung leading with &gt;35% market share   Apple enjoying strong iPhone 12 series dem","2021-05-31 19:52:58",TRUE,1,3,Apple iPhone,Delhi,India,FALSE
"398","@Apple Hello @Apple I am facing an serious privacy issue with iphone. I wanted to report it. Can anyone from your /lU4HjazqiH","2021-05-31 18:46:28",FALSE,0,-1,Apple iPhone,Delhi,India,FALSE
"399","@Apple @Apple  If you will give if for free to me I will definitely switch to iPhone . /dz2dVEGrQ2","2021-05-31 17:07:54",FALSE,0,1,Apple iPhone,Delhi,India,FALSE
"400","RT @mysmartprice: Apple Loses Lawsuit! Forced to Deliver Free iPhone12 Charging Adapter to User  Read here: /hSyXLNp13t https:","2021-05-31 16:59:02",TRUE,15,0,Apple iPhone,Delhi,India,TRUE
"401","@ValaAfshar Steve Jobs did devote his life to bringing the wave of technological revolution especially since the /G8dMcdGSF1","2021-05-31 16:55:26",FALSE,1,0,Apple iPhone,Delhi,India,FALSE
"402","RT @geekabhishek_: Hey @utsavtechie bhai why apple doesn't sell iPhone on EMIS in india as foreign countries?","2021-05-31 16:49:47",TRUE,5,0,Apple iPhone,Delhi,India,TRUE
"403","RT @geekabhishek_: Hey @utsavtechie bhai why apple doesn't sell iPhone on EMIS in india as foreign countries?","2021-05-31 16:34:47",TRUE,5,0,Apple iPhone,Delhi,India,TRUE
"404","RT @mysmartprice: Apple Loses Lawsuit! Forced to Deliver Free iPhone12 Charging Adapter to User  Read here: /hSyXLNp13t https:","2021-05-31 16:34:34",TRUE,15,0,Apple iPhone,Delhi,India,TRUE
"405","Realme X7 Max 5G Launched In India /9VxHJQeB63","2021-05-31 15:44:43",FALSE,0,0,Apple iPhone,Delhi,India,FALSE
"406","RT @geekabhishek_: Hey @utsavtechie bhai why apple doesn't sell iPhone on EMIS in india as foreign countries?","2021-05-31 15:44:42",TRUE,5,0,Apple iPhone,Delhi,India,TRUE
"407","Realme X7 Max 5G Launched In India /fQgSuzMuJP","2021-05-31 15:44:13",FALSE,0,0,Apple iPhone,Delhi,India,FALSE
"408","RealmeSmartTV4K Goes Official In India /BSVBcaLy2K","2021-05-31 15:42:45",FALSE,0,0,Apple iPhone,Delhi,India,FALSE
"409","Realme Smart TV 4K Goes Official In India /8hQmLPGRtz","2021-05-31 15:41:58",FALSE,0,1,Apple iPhone,Delhi,India,FALSE
"410","Get Amazon Prime Subscription For Half Price /5n8AJc9KNf","2021-05-31 15:40:25",FALSE,0,0,Apple iPhone,Delhi,India,FALSE
"411","Get Amazon Prime Subscription For Half Price /5rlgHI4c6Y","2021-05-31 15:39:52",FALSE,0,0,Apple iPhone,Delhi,India,FALSE
"412","Samsung Galaxy A03s Surfaced Online /nSJV2bcDPi","2021-05-31 15:38:29",FALSE,0,0,Apple iPhone,Delhi,India,FALSE
"413","Samsung Galaxy A03s Surfaced Online /gHAeGmvw8S","2021-05-31 15:37:56",FALSE,0,0,Apple iPhone,Delhi,India,FALSE
"414","Gionee M15 Launched With Quad Cameras /BpwFiBLfJz","2021-05-31 15:36:42",FALSE,0,0,Apple iPhone,Delhi,India,FALSE
"415","Gionee M15 Launched With Quad Cameras /oU9SqWEyn8","2021-05-31 15:36:22",FALSE,0,0,Apple iPhone,Delhi,India,FALSE
"416","@Apple iphone13 Pro Pro Max 120Hz OLED displays enter mass production.   /5JXVOxDsNv","2021-05-31 15:34:56",FALSE,0,0,Apple iPhone,Delhi,India,FALSE
"417","Hey @utsavtechie bhai why apple doesn't sell iPhone on EMIS in india as foreign countries?","2021-05-31 15:33:10",FALSE,5,0,Apple iPhone,Delhi,India,FALSE
"418","RT @mysmartprice: Apple Loses Lawsuit! Forced to Deliver Free iPhone12 Charging Adapter to User  Read here: /hSyXLNp13t https:","2021-05-31 15:15:40",TRUE,15,0,Apple iPhone,Delhi,India,TRUE
"419","RT @timesofindia: How Apple FaceTime helped cops catch iPhone thieves /MTXWbrNeii via @gadgetsnow","2021-05-31 15:01:04",TRUE,3,1,Apple iPhone,Delhi,India,TRUE
"420","How Apple FaceTime helped cops catch iPhone thieves /MTXWbrNeii via @gadgetsnow","2021-05-31 15:00:00",FALSE,3,1,Apple iPhone,Delhi,India,FALSE
"421","RT @IndiaTodayTech: Jony Ive is well known for his design genius in Apple products like iPod iPhone iPad MacBook and more /e","2021-05-31 14:09:03",TRUE,3,3,Apple iPhone,Delhi,India,FALSE
"422","RT @IndiaTodayTech: Jony Ive is well known for his design genius in Apple products like iPod iPhone iPad MacBook and more /e","2021-05-31 14:08:49",TRUE,3,3,Apple iPhone,Delhi,India,TRUE
"423","Jony Ive is well known for his design genius in Apple products like iPod iPhone iPad MacBook and more /ehmZVVWQEz","2021-05-31 14:07:09",FALSE,3,3,Apple iPhone,Delhi,India,FALSE
"424","@r3dash I think their branding game has gone beyond Apple as well. Opening a onepkus product feels special even mor /jS2YH64DtM","2021-05-31 13:58:31",FALSE,0,1,Apple iPhone,Delhi,India,FALSE
"425","Heres how you can watch the Dolby Vision vidoes you have shot from the iPhone 12 Pro series on the AppleTV 4K and /nzUosqSMGh","2021-05-31 13:30:00",FALSE,0,0,Apple iPhone,Delhi,India,FALSE
"426","RT @mysmartprice: Apple Loses Lawsuit! Forced to Deliver Free iPhone12 Charging Adapter to User  Read here: /hSyXLNp13t https:","2021-05-31 13:04:51",TRUE,15,0,Apple iPhone,Delhi,India,TRUE
"427","RT @mysmartprice: Apple Loses Lawsuit! Forced to Deliver Free iPhone12 Charging Adapter to User  Read here: /hSyXLNp13t https:","2021-05-31 12:28:46",TRUE,15,0,Apple iPhone,Delhi,India,TRUE
"428","RT @mysmartprice: Apple Loses Lawsuit! Forced to Deliver Free iPhone12 Charging Adapter to User  Read here: /hSyXLNp13t https:","2021-05-31 12:25:26",TRUE,15,0,Apple iPhone,Delhi,India,TRUE
"429","RT @BiIndia: iPhoneSE3 launch date specifications price in India and everything else we know so far  /BKyyxVL9Yd  By @jainro","2021-05-31 11:52:03",TRUE,2,0,Apple iPhone,Delhi,India,TRUE
"430","3. Integration of activity from MacBook into AppleHealth and ScreenTime. iOS's screentime shows the combined scr /LauMVXCiam","2021-05-31 11:40:22",FALSE,0,0,Apple iPhone,Delhi,India,FALSE
"431","RT @mysmartprice: Apple Loses Lawsuit! Forced to Deliver Free iPhone12 Charging Adapter to User  Read here: /hSyXLNp13t https:","2021-05-31 10:56:52",TRUE,15,0,Apple iPhone,Delhi,India,TRUE
"432","/LM4pjDM7xi","2021-05-31 10:29:25",FALSE,0,0,Apple iPhone,Delhi,India,FALSE
"433","RT @mysmartprice: Apple Loses Lawsuit! Forced to Deliver Free iPhone12 Charging Adapter to User  Read here: /hSyXLNp13t https:","2021-05-31 09:55:03",TRUE,15,0,Apple iPhone,Delhi,India,TRUE
"434","@amitbhawani @phoneradarblog IPhone SE 2nd generation  14/12/2020 100 percentage dropped battery directly to 94 per /Rkq8wsWib4","2021-05-31 09:49:57",FALSE,0,0,Apple iPhone,Delhi,India,FALSE
"435","Realme X7 Max 5G Indian Pricing Surfaces /YjIrnSrrbn","2021-05-31 09:42:23",FALSE,0,0,Apple iPhone,Delhi,India,FALSE
"436","Realme X7 Max 5G Indian Pricing Surfaces /HMrNQXADb7","2021-05-31 09:41:45",FALSE,0,0,Apple iPhone,Delhi,India,FALSE
"437","RT @yadavvijay707: @AmazonHelp @PrimeVideoIN @amazon @amazonmusic @amazonIN @AmazonUK  I am waiting for apple MacBook and Apple iPhone from","2021-05-31 09:22:27",TRUE,2,0,Apple iPhone,Delhi,India,FALSE
"438","RT @mysmartprice: Apple Loses Lawsuit! Forced to Deliver Free iPhone12 Charging Adapter to User  Read here: /hSyXLNp13t https:","2021-05-31 09:19:38",TRUE,15,0,Apple iPhone,Delhi,India,TRUE
"439","RT @mysmartprice: Apple Loses Lawsuit! Forced to Deliver Free iPhone12 Charging Adapter to User  Read here: /hSyXLNp13t https:","2021-05-31 09:02:06",TRUE,15,0,Apple iPhone,Delhi,India,TRUE
"440","RT @mysmartprice: Apple Loses Lawsuit! Forced to Deliver Free iPhone12 Charging Adapter to User  Read here: /hSyXLNp13t https:","2021-05-31 09:01:31",TRUE,15,0,Apple iPhone,Delhi,India,TRUE
"441","RT @mysmartprice: Apple Loses Lawsuit! Forced to Deliver Free iPhone12 Charging Adapter to User  Read here: /hSyXLNp13t https:","2021-05-31 09:01:27",TRUE,15,0,Apple iPhone,Delhi,India,TRUE
"442","RT @mysmartprice: Apple Loses Lawsuit! Forced to Deliver Free iPhone12 Charging Adapter to User  Read here: /hSyXLNp13t https:","2021-05-31 08:54:45",TRUE,15,0,Apple iPhone,Delhi,India,TRUE
"443","Apple Loses Lawsuit! Forced to Deliver Free iPhone12 Charging Adapter to User  Read here: /gYo1C1xfsR","2021-05-31 08:50:00",FALSE,15,0,Apple iPhone,Delhi,India,FALSE
"444","@Apple iPhone 12 Pro max showing discoloration inside back glass. Service centre has refused to service this statin /M5g2FCFv23","2021-05-31 08:33:11",FALSE,0,-1,Apple iPhone,Delhi,India,FALSE
"445","iPhoneSE3 launch date specifications price in India and everything else we know so far  /NeJmtNd2pS","2021-05-31 08:30:00",FALSE,2,0,Apple iPhone,Delhi,India,FALSE
"446","Iphone: How to save 100% charge? Try using these tricks that Applesaid /Y9HDi3Vg6X","2021-05-31 07:27:08",FALSE,0,0,Apple iPhone,Delhi,India,FALSE
"447","RT @GyaniPrani: Guess the Title ? Coming Soon Stay Tuned  @xiaomiindia. . . xiaomi samsung iphone pro oppo redmi redminote vivo ","2021-05-31 06:07:55",TRUE,1,0,Apple iPhone,Delhi,India,FALSE
"448","@amitbhawani @phoneradarblog Special Note - Always purchase the seperate charger by Apple only.  ( For iPhone 12 se /Rndm43AQXG","2021-05-31 05:52:18",FALSE,0,0,Apple iPhone,Delhi,India,FALSE
"449","Best iPhone 2021: We looked at all 7 models Apple sells to decide which isbest /ihs0yi0rKU","2021-05-31 05:52:18",FALSE,0,1,Apple iPhone,Delhi,India,FALSE
"450","Sign In with Apple is a must for iPhone users. Heres how itworks /WwkEV8yJnX","2021-05-31 05:52:17",FALSE,0,0,Apple iPhone,Delhi,India,FALSE
"451","NewsBytes Explainer: Why is iPhone 13 LTPO display tech game-changing? Apple technology /ceKTuZ6g89","2021-05-31 05:09:41",FALSE,0,0,Apple iPhone,Delhi,India,FALSE
"452","RT @AnuragSason: HappyBirthday my Iphone6sPlus  I have been using this iPhone of @Apple since long time. Now it's more than 5 years. T","2021-05-31 04:40:39",TRUE,2,0,Apple iPhone,Delhi,India,FALSE
"453","I had booked a phone Apple Iphone 11 pro on 07-04-2021 my order id is OD221462360783925000 and delivered me fake Ph /XIw5iZIPtX","2021-05-31 04:20:26",FALSE,0,-1,Apple iPhone,Delhi,India,FALSE
"454","RT @yadavvijay707: @AmazonHelp @PrimeVideoIN @amazon @amazonmusic @amazonIN @AmazonUK  I am waiting for apple MacBook and Apple iPhone from","2021-05-31 04:04:38",TRUE,2,0,Apple iPhone,Delhi,India,TRUE
"455","@AmazonHelp @PrimeVideoIN @amazon @amazonmusic @amazonIN @AmazonUK  I am waiting for apple MacBook and Apple iPhone /syMwMlatLq","2021-05-31 03:00:55",FALSE,2,0,Apple iPhone,Delhi,India,FALSE
"456","PS: I don't own iphone  I got Apple music on my android device  *Diversity*","2021-05-30 21:39:10",FALSE,0,0,Apple iPhone,Delhi,India,FALSE
"457","@varunkrish @shure @Apple Yeah I mean Ive been recording podcasts using it as well and even for zoom calls using C /C3ZWEuNdyT","2021-05-30 21:11:42",FALSE,0,1,Apple iPhone,Delhi,India,FALSE
"458","Best iPhone 2021: We looked at all 7 models Apple sells to decide which isbest /UGcfHcitZe","2021-05-30 20:30:13",FALSE,0,1,Apple iPhone,Delhi,India,FALSE
"459","iPhone 11 Back Housing Available  Order Now call : 9971550988 more detail /1sBr8YxWrX","2021-05-30 19:17:09",FALSE,0,1,Apple iPhone,Delhi,India,FALSE
